	tweet source	counter	compound	negative	neutral	positive	text	created_at
0	@CNNbrk	1	-0.6486	0.212	0.788	0.0	RT @cnnbrk: After a 40-year search, authorities identify a man they believe is the Golden State Killer https://t.co/JzYOEQ4kyM https://t.co‚Ä¶	Thu Apr 26 23:41:12 +0000 2018
1	@CNNbrk	2	0.0	0.0	1.0	0.0	RT @TinknGadget: .@TGowdySC  .@POTUS #IBOR #MAGA #RedWave2018 #ReleaseTheTexts #NoRedactions .@HillaryClinton .@BarackObama .@BernieSanders‚Ä¶	Thu Apr 26 23:40:49 +0000 2018
2	@CNNbrk	3	-0.9153	0.358	0.642	0.0	RT @cnnbrk: TV icon Bill Cosby is found guilty on all three counts of aggravated indecent assault. He faces up to 10 years in prison for ea‚Ä¶	Thu Apr 26 23:40:46 +0000 2018
3	@CNNbrk	4	0.2263	0.0	0.921	0.079	RT @KamelaHarrisPAC: @cnnbrk Can‚Äôt wait for the @cnn show hosted by @jaketapper to allow @browardsheriff to explain how the @NRA with the a‚Ä¶	Thu Apr 26 23:40:27 +0000 2018
4	@CNNbrk	5	0.0	0.0	1.0	0.0	@cnnbrk  https://t.co/QbNGWirHgR	Thu Apr 26 23:40:25 +0000 2018
5	@CNNbrk	6	0.0	0.0	1.0	0.0	@edeweysmith @ShaunKing @cnnbrk @andersoncooper @amjoyshow @MSNBC	Thu Apr 26 23:40:16 +0000 2018
6	@CNNbrk	7	0.4215	0.0	0.851	0.149	"RT @mandmplus3: @cnnbrk Some ""news"" organization...CNN will give him a nice fat raise and make him an ""expert""."	Thu Apr 26 23:40:07 +0000 2018
7	@CNNbrk	8	0.0	0.0	1.0	0.0	https://t.co/SIo9C2GGve¬†@eBay @youtube @Facebook @cnn @BBCBreaking @google @BBCWorld @twitter @cnnbrk @nytimes‚Ä¶ https://t.co/uXJTb2DnZa	Thu Apr 26 23:40:05 +0000 2018
8	@CNNbrk	9	0.0	0.0	1.0	0.0	RT @TinknGadget: .@TGowdySC  .@POTUS #IBOR #MAGA #RedWave2018 #ReleaseTheTexts #NoRedactions .@HillaryClinton .@BarackObama .@BernieSanders‚Ä¶	Thu Apr 26 23:39:55 +0000 2018
9	@CNNbrk	10	0.2732	0.08	0.8	0.12	RT @cnnbrk: Union gives Broward County sheriff a vote of no confidence and will ask the Florida governor to remove him over his handling of‚Ä¶	Thu Apr 26 23:39:54 +0000 2018
10	@CNNbrk	11	0.2732	0.08	0.8	0.12	RT @cnnbrk: Union gives Broward County sheriff a vote of no confidence and will ask the Florida governor to remove him over his handling of‚Ä¶	Thu Apr 26 23:39:52 +0000 2018
11	@CNNbrk	12	-0.5719	0.222	0.778	0.0	RT @cnnbrk: Some 50,000 Arizona educators are staging the first teacher walkout in the state's history today to protest for higher pay and‚Ä¶	Thu Apr 26 23:39:37 +0000 2018
12	@CNNbrk	13	0.0	0.0	1.0	0.0	RT @jpdownbreeze1: @HuffPostPol @usatodayDC @cnnbrk Russia/China in with North Korea setting up talks with KIM JONG UN! PLAN will be to Fla‚Ä¶	Thu Apr 26 23:39:34 +0000 2018
13	@CNNbrk	14	-0.5719	0.222	0.778	0.0	RT @cnnbrk: Some 50,000 Arizona educators are staging the first teacher walkout in the state's history today to protest for higher pay and‚Ä¶	Thu Apr 26 23:39:33 +0000 2018
14	@CNNbrk	15	0.34	0.0	0.844	0.156	Q&amp;A Security measures - 2018 G7 Summit  -  Quebec City @SPVQ_police @sureteduquebec @grcqc @GRCONT @ATFHQ‚Ä¶ https://t.co/a19v2lv3jE	Thu Apr 26 23:39:26 +0000 2018
15	@CNNbrk	16	0.2732	0.08	0.8	0.12	RT @cnnbrk: Union gives Broward County sheriff a vote of no confidence and will ask the Florida governor to remove him over his handling of‚Ä¶	Thu Apr 26 23:37:50 +0000 2018
16	@CNNbrk	17	0.0	0.0	1.0	0.0	@realDonaldTrump @BarackObama @GOP @DNC @VP @JoeBiden @SpeakerRyan @NancyPelosi @SenateMajLdr @SenSchumer‚Ä¶ https://t.co/rUGWOqJKtD	Thu Apr 26 23:37:47 +0000 2018
17	@CNNbrk	18	0.0	0.0	1.0	0.0	RT @TinknGadget: .@TGowdySC  .@POTUS #IBOR #MAGA #RedWave2018 #ReleaseTheTexts #NoRedactions .@HillaryClinton .@BarackObama .@BernieSanders‚Ä¶	Thu Apr 26 23:37:47 +0000 2018
18	@CNNbrk	19	0.2732	0.08	0.8	0.12	RT @cnnbrk: Union gives Broward County sheriff a vote of no confidence and will ask the Florida governor to remove him over his handling of‚Ä¶	Thu Apr 26 23:37:40 +0000 2018
19	@CNNbrk	20	-0.7351	0.25	0.709	0.041	RT @cnnbrk: Bill Cosby stands up in court and swears loudly at a prosecutor who argued the TV icon is a flight risk after his guilty verdic‚Ä¶	Thu Apr 26 23:37:24 +0000 2018
20	@CNNbrk	21	-0.9153	0.358	0.642	0.0	RT @cnnbrk: TV icon Bill Cosby is found guilty on all three counts of aggravated indecent assault. He faces up to 10 years in prison for ea‚Ä¶	Thu Apr 26 23:37:20 +0000 2018
21	@CNNbrk	22	-0.3182	0.315	0.685	0.0	@theloniuspimp @BarakatouKone @cnnbrk Apparently soü§∑ smh	Thu Apr 26 23:37:16 +0000 2018
22	@CNNbrk	23	-0.7351	0.25	0.709	0.041	RT @cnnbrk: Bill Cosby stands up in court and swears loudly at a prosecutor who argued the TV icon is a flight risk after his guilty verdic‚Ä¶	Thu Apr 26 23:37:13 +0000 2018
23	@CNNbrk	24	0.2732	0.08	0.8	0.12	RT @cnnbrk: Union gives Broward County sheriff a vote of no confidence and will ask the Florida governor to remove him over his handling of‚Ä¶	Thu Apr 26 23:36:55 +0000 2018
24	@CNNbrk	25	0.0	0.0	1.0	0.0	RT @TinknGadget: .@TGowdySC  .@POTUS #IBOR #MAGA #RedWave2018 #ReleaseTheTexts #NoRedactions .@HillaryClinton .@BarackObama .@BernieSanders‚Ä¶	Thu Apr 26 23:36:52 +0000 2018
25	@CNNbrk	26	-0.9153	0.358	0.642	0.0	RT @cnnbrk: TV icon Bill Cosby is found guilty on all three counts of aggravated indecent assault. He faces up to 10 years in prison for ea‚Ä¶	Thu Apr 26 23:36:22 +0000 2018
26	@CNNbrk	27	0.2732	0.08	0.8	0.12	RT @cnnbrk: Union gives Broward County sheriff a vote of no confidence and will ask the Florida governor to remove him over his handling of‚Ä¶	Thu Apr 26 23:36:18 +0000 2018
27	@CNNbrk	28	-0.9153	0.358	0.642	0.0	RT @cnnbrk: TV icon Bill Cosby is found guilty on all three counts of aggravated indecent assault. He faces up to 10 years in prison for ea‚Ä¶	Thu Apr 26 23:35:45 +0000 2018
28	@CNNbrk	29	-0.7351	0.25	0.709	0.041	RT @cnnbrk: Bill Cosby stands up in court and swears loudly at a prosecutor who argued the TV icon is a flight risk after his guilty verdic‚Ä¶	Thu Apr 26 23:35:31 +0000 2018
29	@CNNbrk	30	-0.9153	0.358	0.642	0.0	RT @cnnbrk: TV icon Bill Cosby is found guilty on all three counts of aggravated indecent assault. He faces up to 10 years in prison for ea‚Ä¶	Thu Apr 26 23:35:16 +0000 2018
30	@CNNbrk	31	0.0	0.0	1.0	0.0	@kikopangilinan ito ang Mas nakakahiya si Pnoy mong boss at alipores 1.3bilyon housing project at tulay Anyare kiko‚Ä¶ https://t.co/Din61ouG4C	Thu Apr 26 23:35:11 +0000 2018
31	@CNNbrk	32	0.0	0.0	1.0	0.0	https://t.co/zNxUDhGODl¬†@eBay @youtube @Facebook @cnn @BBCBreaking @google @BBCWorld @twitter @cnnbrk @nytimes‚Ä¶ https://t.co/BmnsJoDg55	Thu Apr 26 23:35:08 +0000 2018
32	@CNNbrk	33	-0.5106	0.191	0.721	0.088	"RT @cnnbrk: James Shaw Jr., 29, was identified as the man who charged the Waffle House killer and wrestled away his rifle. ""He saved many l‚Ä¶"	Thu Apr 26 23:34:47 +0000 2018
33	@CNNbrk	34	-0.7778	0.343	0.657	0.0	@cnnbrk Yawn..... another bull shit breaking news garbage report. So tired of hearing about this.	Thu Apr 26 23:34:12 +0000 2018
34	@CNNbrk	35	-0.7717	0.295	0.705	0.0	RT @cnnbrk: Bill Cosby's trial on three counts of aggravated indecent assault goes to the jury https://t.co/NoBijtNNG1 https://t.co/5xcvBCl‚Ä¶	Thu Apr 26 23:34:06 +0000 2018
35	@CNNbrk	36	0.0	0.0	1.0	0.0	@realDonaldTrump @BarackObama @GOP @DNC @VP @JoeBiden @SpeakerRyan @NancyPelosi @SenateMajLdr @SenSchumer‚Ä¶ https://t.co/3oMVS4Xzol	Thu Apr 26 23:33:51 +0000 2018
36	@CNNbrk	37	-0.9153	0.358	0.642	0.0	RT @cnnbrk: TV icon Bill Cosby is found guilty on all three counts of aggravated indecent assault. He faces up to 10 years in prison for ea‚Ä¶	Thu Apr 26 23:33:46 +0000 2018
37	@CNNbrk	38	0.0	0.0	1.0	0.0	@TomiLahren @IngrahamAngle @cnnbrk https://t.co/73UjocoNMV	Thu Apr 26 23:33:37 +0000 2018
38	@CNNbrk	39	0.2263	0.0	0.921	0.079	RT @KamelaHarrisPAC: @cnnbrk Can‚Äôt wait for the @cnn show hosted by @jaketapper to allow @browardsheriff to explain how the @NRA with the a‚Ä¶	Thu Apr 26 23:33:28 +0000 2018
39	@CNNbrk	40	0.0	0.0	1.0	0.0	RT @TinknGadget: .@TGowdySC  .@POTUS #IBOR #MAGA #RedWave2018 #ReleaseTheTexts #NoRedactions .@HillaryClinton .@BarackObama .@BernieSanders‚Ä¶	Thu Apr 26 23:33:26 +0000 2018
40	@CNNbrk	41	0.0	0.0	1.0	0.0	RT @TinknGadget: .@TGowdySC  .@POTUS #IBOR #MAGA #RedWave2018 #ReleaseTheTexts #NoRedactions .@HillaryClinton .@BarackObama .@BernieSanders‚Ä¶	Thu Apr 26 23:33:03 +0000 2018
41	@CNNbrk	42	0.0	0.0	1.0	0.0	RT @TinknGadget: .@TGowdySC  .@POTUS #IBOR #MAGA #RedWave2018 #ReleaseTheTexts #NoRedactions .@HillaryClinton .@BarackObama .@BernieSanders‚Ä¶	Thu Apr 26 23:32:41 +0000 2018
42	@CNNbrk	43	0.4199	0.0	0.866	0.134	RT @ChaviraLupe: @cnnbrk Governor and legislators adjourn early as estimated 50K #RedForEd supports March the capital! @dougducey Owes mone‚Ä¶	Thu Apr 26 23:32:36 +0000 2018
43	@CNNbrk	44	0.0	0.0	1.0	0.0	RT @TinknGadget: .@TGowdySC  .@POTUS #IBOR #MAGA #RedWave2018 #ReleaseTheTexts #NoRedactions .@HillaryClinton .@BarackObama .@BernieSanders‚Ä¶	Thu Apr 26 23:32:05 +0000 2018
44	@CNNbrk	45	0.2732	0.08	0.8	0.12	RT @cnnbrk: Union gives Broward County sheriff a vote of no confidence and will ask the Florida governor to remove him over his handling of‚Ä¶	Thu Apr 26 23:31:58 +0000 2018
45	@CNNbrk	46	-0.775	0.313	0.687	0.0	@cnnbrk Useless leftist policies contributed to kids being killed but the left would rather push gun control over common sense.	Thu Apr 26 23:31:57 +0000 2018
46	@CNNbrk	47	0.0	0.0	1.0	0.0	RT @TinknGadget: .@TGowdySC  .@POTUS #IBOR #MAGA #RedWave2018 #ReleaseTheTexts #NoRedactions .@HillaryClinton .@BarackObama .@BernieSanders‚Ä¶	Thu Apr 26 23:31:37 +0000 2018
47	@CNNbrk	48	0.0	0.0	1.0	0.0	@cnnbrk @TheView hey guys bill Cosby got convicted today in case y‚Äôall didn‚Äôt hear	Thu Apr 26 23:31:34 +0000 2018
48	@CNNbrk	49	-0.5719	0.222	0.778	0.0	RT @cnnbrk: Some 50,000 Arizona educators are staging the first teacher walkout in the state's history today to protest for higher pay and‚Ä¶	Thu Apr 26 23:31:20 +0000 2018
49	@CNNbrk	50	0.2263	0.0	0.921	0.079	RT @KamelaHarrisPAC: @cnnbrk Can‚Äôt wait for the @cnn show hosted by @jaketapper to allow @browardsheriff to explain how the @NRA with the a‚Ä¶	Thu Apr 26 23:31:16 +0000 2018
50	@CNNbrk	51	-0.7269	0.353	0.647	0.0	RT @Baryal_watanpal: The world should demand Pakistan to stop gruesome human right violations. @FreedomofPress @UNHumanRights @eucopresiden‚Ä¶	Thu Apr 26 23:31:07 +0000 2018
51	@CNNbrk	52	0.0	0.0	1.0	0.0	RT @ilovesheeple: .@realDonaldTrump .@Hulkanator11 .@ApacheiAm .@Redankulous13 .@seanhannity .@DiamondandSilk .@cnnbrk .@CNN .@goodmedicine‚Ä¶	Thu Apr 26 23:30:51 +0000 2018
52	@CNNbrk	53	0.4199	0.0	0.851	0.149	@cnnbrk Governor and legislators adjourn early as estimated 50K #RedForEd supports March the capital! @dougducey Ow‚Ä¶ https://t.co/5TwLPAkO1d	Thu Apr 26 23:30:46 +0000 2018
53	@CNNbrk	54	0.2732	0.08	0.8	0.12	RT @cnnbrk: Union gives Broward County sheriff a vote of no confidence and will ask the Florida governor to remove him over his handling of‚Ä¶	Thu Apr 26 23:30:37 +0000 2018
54	@CNNbrk	55	0.2732	0.08	0.8	0.12	RT @cnnbrk: Union gives Broward County sheriff a vote of no confidence and will ask the Florida governor to remove him over his handling of‚Ä¶	Thu Apr 26 23:30:31 +0000 2018
55	@CNNbrk	56	0.2732	0.08	0.8	0.12	RT @cnnbrk: Union gives Broward County sheriff a vote of no confidence and will ask the Florida governor to remove him over his handling of‚Ä¶	Thu Apr 26 23:30:28 +0000 2018
56	@CNNbrk	57	0.3612	0.0	0.872	0.128	@bosskingman @Maxwell11Roy @cnnbrk And like I said, consentual sex with a porn star is nothing compared to having a‚Ä¶ https://t.co/VviIX2EEfC	Thu Apr 26 23:30:27 +0000 2018
57	@CNNbrk	58	0.2263	0.0	0.921	0.079	RT @KamelaHarrisPAC: @cnnbrk Can‚Äôt wait for the @cnn show hosted by @jaketapper to allow @browardsheriff to explain how the @NRA with the a‚Ä¶	Thu Apr 26 23:30:27 +0000 2018
58	@CNNbrk	59	-0.7783	0.63	0.37	0.0	@cnnbrk Die in peison,you monstrous,old freak.	Thu Apr 26 23:30:09 +0000 2018
59	@CNNbrk	60	0.0	0.0	1.0	0.0	RT @TinknGadget: .@TGowdySC  .@POTUS #IBOR #MAGA #RedWave2018 #ReleaseTheTexts #NoRedactions .@HillaryClinton .@BarackObama .@BernieSanders‚Ä¶	Thu Apr 26 23:30:07 +0000 2018
60	@CNNbrk	61	0.0	0.0	1.0	0.0	https://t.co/KJJ55BpDvR¬†@eBay @youtube @Facebook @cnn @BBCBreaking @google @BBCWorld @twitter @cnnbrk @nytimes‚Ä¶ https://t.co/LdT8WIguNt	Thu Apr 26 23:30:07 +0000 2018
61	@CNNbrk	62	0.2732	0.08	0.8	0.12	RT @cnnbrk: Union gives Broward County sheriff a vote of no confidence and will ask the Florida governor to remove him over his handling of‚Ä¶	Thu Apr 26 23:29:48 +0000 2018
62	@CNNbrk	63	0.0	0.0	1.0	0.0	RT @TinknGadget: .@TGowdySC  .@POTUS #IBOR #MAGA #RedWave2018 #ReleaseTheTexts #NoRedactions .@HillaryClinton .@BarackObama .@BernieSanders‚Ä¶	Thu Apr 26 23:29:45 +0000 2018
63	@CNNbrk	64	0.0	0.0	1.0	0.0	RT @TinknGadget: .@TGowdySC  .@POTUS #IBOR #MAGA #RedWave2018 #ReleaseTheTexts #NoRedactions .@HillaryClinton .@BarackObama .@BernieSanders‚Ä¶	Thu Apr 26 23:29:39 +0000 2018
64	@CNNbrk	65	0.0	0.0	1.0	0.0	RT @TinknGadget: .@TGowdySC  .@POTUS #IBOR #MAGA #RedWave2018 #ReleaseTheTexts #NoRedactions .@HillaryClinton .@BarackObama .@BernieSanders‚Ä¶	Thu Apr 26 23:29:25 +0000 2018
65	@CNNbrk	66	0.0	0.0	1.0	0.0	@realDonaldTrump @BarackObama @GOP @DNC @VP @JoeBiden @SpeakerRyan @NancyPelosi @SenateMajLdr @SenSchumer‚Ä¶ https://t.co/OdKY85YGoy	Thu Apr 26 23:29:21 +0000 2018
66	@CNNbrk	67	0.0	0.0	1.0	0.0	RT @TinknGadget: .@TGowdySC  .@POTUS #IBOR #MAGA #RedWave2018 #ReleaseTheTexts #NoRedactions .@HillaryClinton .@BarackObama .@BernieSanders‚Ä¶	Thu Apr 26 23:29:09 +0000 2018
67	@CNNbrk	68	0.0	0.0	1.0	0.0	@bosskingman @Maxwell11Roy @cnnbrk The sheriff was doing a job for a paycheck. When it came time to actually serve‚Ä¶ https://t.co/hGHTJs5ICR	Thu Apr 26 23:28:28 +0000 2018
68	@CNNbrk	69	0.0	0.0	1.0	0.0	RT @TinknGadget: .@TGowdySC  .@POTUS #IBOR #MAGA #RedWave2018 #ReleaseTheTexts #NoRedactions .@HillaryClinton .@BarackObama .@BernieSanders‚Ä¶	Thu Apr 26 23:28:24 +0000 2018
69	@CNNbrk	70	0.0	0.0	1.0	0.0	RT @TinknGadget: .@TGowdySC  .@POTUS #IBOR #MAGA #RedWave2018 #ReleaseTheTexts #NoRedactions .@HillaryClinton .@BarackObama .@BernieSanders‚Ä¶	Thu Apr 26 23:27:31 +0000 2018
70	@CNNbrk	71	0.0	0.0	1.0	0.0	@realDonaldTrump @BarackObama @GOP @DNC @VP @JoeBiden @SpeakerRyan @NancyPelosi @SenateMajLdr @SenSchumer‚Ä¶ https://t.co/btx3sUTSBU	Thu Apr 26 23:27:26 +0000 2018
71	@CNNbrk	72	0.2732	0.08	0.8	0.12	RT @cnnbrk: Union gives Broward County sheriff a vote of no confidence and will ask the Florida governor to remove him over his handling of‚Ä¶	Thu Apr 26 23:27:23 +0000 2018
72	@CNNbrk	73	-0.296	0.18	0.82	0.0	@rodyrody3 @cnnbrk No he wasn't,  does that make a difference to you?	Thu Apr 26 23:27:22 +0000 2018
73	@CNNbrk	74	0.2732	0.08	0.8	0.12	RT @cnnbrk: Union gives Broward County sheriff a vote of no confidence and will ask the Florida governor to remove him over his handling of‚Ä¶	Thu Apr 26 23:27:19 +0000 2018
74	@CNNbrk	75	0.0	0.0	1.0	0.0	RT @TinknGadget: .@TGowdySC  .@POTUS #IBOR #MAGA #RedWave2018 #ReleaseTheTexts #NoRedactions .@HillaryClinton .@BarackObama .@BernieSanders‚Ä¶	Thu Apr 26 23:27:12 +0000 2018
75	@CNNbrk	76	0.0	0.0	1.0	0.0	RT @TinknGadget: .@TGowdySC  .@POTUS #IBOR #MAGA #RedWave2018 #ReleaseTheTexts #NoRedactions .@HillaryClinton .@BarackObama .@BernieSanders‚Ä¶	Thu Apr 26 23:27:07 +0000 2018
76	@CNNbrk	77	-0.3182	0.255	0.584	0.161	@campbellsoup67 @cnnbrk Ok when we gonna see his ass go	Thu Apr 26 23:26:57 +0000 2018
77	@CNNbrk	78	0.4404	0.0	0.256	0.744	@cnnbrk Good	Thu Apr 26 23:26:47 +0000 2018
78	@CNNbrk	79	0.0	0.0	1.0	0.0	RT @TinknGadget: .@TGowdySC  .@POTUS #IBOR #MAGA #RedWave2018 #ReleaseTheTexts #NoRedactions .@HillaryClinton .@BarackObama .@BernieSanders‚Ä¶	Thu Apr 26 23:26:44 +0000 2018
79	@CNNbrk	80	0.2732	0.08	0.8	0.12	RT @cnnbrk: Union gives Broward County sheriff a vote of no confidence and will ask the Florida governor to remove him over his handling of‚Ä¶	Thu Apr 26 23:26:39 +0000 2018
80	@CNNbrk	81	0.2732	0.08	0.8	0.12	RT @cnnbrk: Union gives Broward County sheriff a vote of no confidence and will ask the Florida governor to remove him over his handling of‚Ä¶	Thu Apr 26 23:26:23 +0000 2018
81	@CNNbrk	82	0.0	0.0	1.0	0.0	.@realDonaldTrump .@Hulkanator11 .@ApacheiAm .@Redankulous13 .@seanhannity .@DiamondandSilk .@cnnbrk .@CNN .‚Ä¶ https://t.co/nPzxvKM1Nk	Thu Apr 26 23:26:22 +0000 2018
82	@CNNbrk	83	0.2732	0.08	0.8	0.12	RT @cnnbrk: Union gives Broward County sheriff a vote of no confidence and will ask the Florida governor to remove him over his handling of‚Ä¶	Thu Apr 26 23:25:57 +0000 2018
83	@CNNbrk	84	0.0	0.0	1.0	0.0	@realDonaldTrump @BarackObama @GOP @DNC @VP @JoeBiden @SpeakerRyan @NancyPelosi @SenateMajLdr @SenSchumer‚Ä¶ https://t.co/rMVlWRqJxw	Thu Apr 26 23:25:56 +0000 2018
84	@CNNbrk	85	0.2732	0.094	0.766	0.14	@bosskingman @Maxwell11Roy @cnnbrk The guy with the no confidence vote from 100s of sheriffs is is posing with poli‚Ä¶ https://t.co/UoXxMQg47K	Thu Apr 26 23:25:50 +0000 2018
85	@CNNbrk	86	-0.6661	0.244	0.756	0.0	@cnnbrk idk who your idiot guest is but I worked for the epa Scott Pruitt shut down superfund sites closing them isn't a good thing...	Thu Apr 26 23:25:45 +0000 2018
86	@CNNbrk	87	0.2732	0.08	0.8	0.12	RT @cnnbrk: Union gives Broward County sheriff a vote of no confidence and will ask the Florida governor to remove him over his handling of‚Ä¶	Thu Apr 26 23:25:42 +0000 2018
87	@CNNbrk	88	-0.9153	0.358	0.642	0.0	RT @cnnbrk: TV icon Bill Cosby is found guilty on all three counts of aggravated indecent assault. He faces up to 10 years in prison for ea‚Ä¶	Thu Apr 26 23:25:20 +0000 2018
88	@CNNbrk	89	0.0	0.0	1.0	0.0	RT @TinknGadget: .@TGowdySC  .@POTUS #IBOR #MAGA #RedWave2018 #ReleaseTheTexts #NoRedactions .@HillaryClinton .@BarackObama .@BernieSanders‚Ä¶	Thu Apr 26 23:25:20 +0000 2018
89	@CNNbrk	90	0.0	0.0	1.0	0.0	https://t.co/Jl1GWHC0ct¬†@eBay @youtube @Facebook @cnn @BBCBreaking @google @BBCWorld @twitter @cnnbrk @nytimes‚Ä¶ https://t.co/HBOT5XaFmj	Thu Apr 26 23:25:05 +0000 2018
90	@CNNbrk	91	0.0	0.0	1.0	0.0	@RCShilling @cnnbrk  https://t.co/HZGTbXNpQ9	Thu Apr 26 23:24:55 +0000 2018
91	@CNNbrk	92	0.0	0.0	1.0	0.0	@cnnbrk  https://t.co/u4iYUKnfXu	Thu Apr 26 23:24:25 +0000 2018
92	@CNNbrk	93	0.0	0.0	1.0	0.0	RT @cnnbrk: White House physician Ronny Jackson drunkenly banged on a female employee's hotel room door during an overseas trip in 2015, so‚Ä¶	Thu Apr 26 23:24:22 +0000 2018
93	@CNNbrk	94	0.0	0.0	1.0	0.0	"RT @cnnbrk: ""Game of Thrones"" author George R.R. Martin tells fans the latest installment in the book series will not come out this year ht‚Ä¶"	Thu Apr 26 23:24:03 +0000 2018
94	@CNNbrk	95	0.0	0.0	1.0	0.0	@realDonaldTrump @BarackObama @GOP @DNC @VP @JoeBiden @SpeakerRyan @NancyPelosi @SenateMajLdr @SenSchumer‚Ä¶ https://t.co/jyW4awcpBN	Thu Apr 26 23:23:55 +0000 2018
95	@CNNbrk	96	-0.4215	0.181	0.756	0.063	RT @cnnbrk: Exclusive: Some of the spies expelled last month from the US were tracking Russian defectors and their families https://t.co/9v‚Ä¶	Thu Apr 26 23:23:48 +0000 2018
96	@CNNbrk	97	0.0	0.0	1.0	0.0	@tekneeQ1337 @cnnbrk Never going to happen.	Thu Apr 26 23:23:13 +0000 2018
97	@CNNbrk	98	0.3612	0.0	0.872	0.128	RT @jpdownbreeze1: @HuffPostPol @washingtonpost @cnnbrk I got a $15 a week tax break . $15√ó52 weeks =$780 for the Year. Thank u Mr.#TRUMP.‚Ä¶	Thu Apr 26 23:23:12 +0000 2018
98	@CNNbrk	99	0.0	0.0	1.0	0.0	RT @TinknGadget: .@TGowdySC  .@POTUS #IBOR #MAGA #RedWave2018 #ReleaseTheTexts #NoRedactions .@HillaryClinton .@BarackObama .@BernieSanders‚Ä¶	Thu Apr 26 23:23:05 +0000 2018
99	@CNNbrk	100	-0.9153	0.358	0.642	0.0	RT @cnnbrk: TV icon Bill Cosby is found guilty on all three counts of aggravated indecent assault. He faces up to 10 years in prison for ea‚Ä¶	Thu Apr 26 23:23:00 +0000 2018
100	@BBCBreaking	1	-0.7269	0.859	0.141	0.0	@BBCBreaking Dirty cunt	Thu Apr 26 23:41:18 +0000 2018
101	@BBCBreaking	2	-0.5413	0.155	0.845	0.0	@s8n @BBCBreaking I‚Äôm gonnna flip that greasy hair fucking cunt right of Teresa May is busy licking his orange asshole	Thu Apr 26 23:40:33 +0000 2018
102	@BBCBreaking	3	-0.3818	0.12	0.88	0.0	RT @BBCBreaking: Ex-CIA chief Mike Pompeo is confirmed as secretary of state after bruising battle in the US Senate https://t.co/B69iSF0emL	Thu Apr 26 23:40:30 +0000 2018
103	@BBCBreaking	4	0.0	0.0	1.0	0.0	https://t.co/SIo9C2GGve¬†@eBay @youtube @Facebook @cnn @BBCBreaking @google @BBCWorld @twitter @cnnbrk @nytimes‚Ä¶ https://t.co/uXJTb2DnZa	Thu Apr 26 23:40:05 +0000 2018
104	@BBCBreaking	5	0.0	0.0	1.0	0.0	"RT @PalakBa25043912: #MondayMotivation  
#Badami 
‡§ï‡§ø‡§∏‡•Ä ‡§≠‡•Ä ‡§ó‡•Å‡§∞‡•Å ‡§∏‡•á ‡§™‡•Ç‡§õ‡•ã ‡§ï‡§ø ‡§™‡§æ‡§™ ‡§ï‡§∞‡•ç‡§Æ ‡§ï‡•ç‡§Ø‡§æ ‡§ï‡§ü ‡§∏‡§ï‡§§‡•á ‡§π‡•à‡§Ç, ‡§â‡§§‡•ç‡§§‡§∞ ‡§Æ‡§ø‡§≤‡§§‡§æ ‡§π‡•à ‡§ï‡§ø ‡§™‡§æ‡§™ ‡§ï‡§∞‡•ç‡§Æ ‡§§‡•ã ‡§≠‡•ã‡§ó‡§®‡§æ ‡§™‚Ä¶"	Thu Apr 26 23:39:44 +0000 2018
105	@BBCBreaking	6	0.0	0.0	1.0	0.0	@BBCBreaking Obviously...	Thu Apr 26 23:39:41 +0000 2018
106	@BBCBreaking	7	0.6369	0.0	0.819	0.181	RT @BBCBreaking: Prince William to be Prince Harry's best man at his wedding to Meghan Markle, Kensington Palace says https://t.co/cQxX2gIu‚Ä¶	Thu Apr 26 23:37:28 +0000 2018
107	@BBCBreaking	8	0.0	0.0	1.0	0.0	"RT @BBCBreaking: Ruth Davidson, Scottish Tory leader, says she is pregnant and she and partner Jen Wilson ""excited"" https://t.co/fNwgdnITzu‚Ä¶"	Thu Apr 26 23:37:04 +0000 2018
108	@BBCBreaking	9	0.0	0.0	1.0	0.0	@BBCBreaking https://t.co/xy7EWVolvF	Thu Apr 26 23:36:56 +0000 2018
109	@BBCBreaking	10	-0.3164	0.133	0.867	0.0	RT @Helenhs: Hey London. Time to mount a major protest! @BBCBreaking #Trump #Brexit #FBPE #Remain #TrumpCrimeFamily https://t.co/RIrUfwWu21	Thu Apr 26 23:36:26 +0000 2018
110	@BBCBreaking	11	-0.2732	0.1	0.9	0.0	@BBCBreaking  Is live coverage of the motorcade warranted? Even the cameramen are getting bored now as we are being‚Ä¶ https://t.co/rRePRRMTEh	Thu Apr 26 23:36:13 +0000 2018
111	@BBCBreaking	12	0.0	0.0	1.0	0.0	@BBCBreaking  https://t.co/RT4IZrWbWt	Thu Apr 26 23:35:18 +0000 2018
112	@BBCBreaking	13	0.0	0.0	1.0	0.0	https://t.co/zNxUDhGODl¬†@eBay @youtube @Facebook @cnn @BBCBreaking @google @BBCWorld @twitter @cnnbrk @nytimes‚Ä¶ https://t.co/BmnsJoDg55	Thu Apr 26 23:35:08 +0000 2018
113	@BBCBreaking	14	0.4588	0.0	0.85	0.15	@BBCBreaking Ah, look at the cute echo chamber here. People shouldn't be allowed to vote until they're 30.	Thu Apr 26 23:33:51 +0000 2018
114	@BBCBreaking	15	-0.5423	0.269	0.617	0.115	RT @BBCBreaking: US comedian Bill Cosby, 80, found guilty of sexually assaulting a woman 14 years ago https://t.co/LxSyOf5K04	Thu Apr 26 23:33:45 +0000 2018
115	@BBCBreaking	16	-0.5423	0.269	0.617	0.115	RT @BBCBreaking: US comedian Bill Cosby, 80, found guilty of sexually assaulting a woman 14 years ago https://t.co/LxSyOf5K04	Thu Apr 26 23:32:40 +0000 2018
116	@BBCBreaking	17	0.0	0.0	1.0	0.0	"RT @BBCBreaking: Ruth Davidson, Scottish Tory leader, says she is pregnant and she and partner Jen Wilson ""excited"" https://t.co/fNwgdnITzu‚Ä¶"	Thu Apr 26 23:31:09 +0000 2018
117	@BBCBreaking	18	-0.3164	0.133	0.867	0.0	RT @Helenhs: Hey London. Time to mount a major protest! @BBCBreaking #Trump #Brexit #FBPE #Remain #TrumpCrimeFamily https://t.co/RIrUfwWu21	Thu Apr 26 23:31:05 +0000 2018
118	@BBCBreaking	19	0.0	0.0	1.0	0.0	@aajtak @abpnewshindi @ZeeNewsHindi @BBCBreaking @DDNewsLive @NavbharatTimes @CNNnews18 https://t.co/hnwvmrZSs5	Thu Apr 26 23:30:33 +0000 2018
119	@BBCBreaking	20	0.0	0.0	1.0	0.0	@BBCBreaking Tell Don to stay home.	Thu Apr 26 23:30:30 +0000 2018
120	@BBCBreaking	21	0.0	0.0	1.0	0.0	https://t.co/KJJ55BpDvR¬†@eBay @youtube @Facebook @cnn @BBCBreaking @google @BBCWorld @twitter @cnnbrk @nytimes‚Ä¶ https://t.co/LdT8WIguNt	Thu Apr 26 23:30:07 +0000 2018
121	@BBCBreaking	22	0.0	0.0	1.0	0.0	@ce9461 @thehill Makes sense to me... @nytimes @washingtonpost @maddow @TheLastWord @NewYorker @amandacarpenter‚Ä¶ https://t.co/Efg2pl3CMg	Thu Apr 26 23:28:02 +0000 2018
122	@BBCBreaking	23	0.0	0.0	1.0	0.0	RT @TagoreMallineni: BJP Mining Mafia is Back with a Bang @timesofindia @PTI_News @republic @ndtv @BBCBreaking @timesofindia @TimesNow @htT‚Ä¶	Thu Apr 26 23:27:51 +0000 2018
123	@BBCBreaking	24	0.4404	0.0	0.508	0.492	@BBCBreaking Hope it's a Boy.	Thu Apr 26 23:27:33 +0000 2018
124	@BBCBreaking	25	0.0	0.0	1.0	0.0	"RT @WorldsTraders: #LetsDefeatTerrorism
@ImranKhanPTI
@smasood801 
@HaniaKhanKakar 
@defencedotpk 
@PDCMDOfficial 
@BBCUrdu 
@BBCBreaking‚Ä¶"	Thu Apr 26 23:27:31 +0000 2018
125	@BBCBreaking	26	0.0	0.0	1.0	0.0	https://t.co/Jl1GWHC0ct¬†@eBay @youtube @Facebook @cnn @BBCBreaking @google @BBCWorld @twitter @cnnbrk @nytimes‚Ä¶ https://t.co/HBOT5XaFmj	Thu Apr 26 23:25:05 +0000 2018
126	@BBCBreaking	27	0.0	0.0	1.0	0.0	"RT @kuldeepsatlok: #EarthDay
‡§ó‡•Ä‡§§‡§æ‡§ú‡•Ä ‡§ï‡•á ‡§∏‡§≠‡•Ä ‡§Ö‡§ß‡•ç‡§Ø‡§æ‡§Ø 18 ‡§Æ‡•á‡§Ç ‡§ï‡§π‡•Ä ‡§™‡§∞ ‡§≠‡•Ä ‡§®‡§π‡•Ä ‡§≤‡§ø‡§ñ‡§æ ‡§π‡•à ‡§ï‡§ø ‡§Æ‡§æ‡§∏, ‡§∂‡§∞‡§æ‡§¨, ‡§§‡§Æ‡•ç‡§¨‡§æ‡§ï‡•Ç ‡§ñ‡§æ‡§ì.
‡§§‡•ã ‡§Ü‡§™ ‡§ï‡•ç‡§Ø‡•ã ‡§ñ‡§æ‡§§‡•á-‡§™‡•Ä‡§§‡•á ‡§π‡•ã ‡§Ø‡•á ‡§¨‡•Å‡§∞‡•Ä‚Ä¶"	Thu Apr 26 23:25:01 +0000 2018
127	@BBCBreaking	28	0.0	0.0	1.0	0.0	@tony_tonyj73 @BBCBreaking Hence the reason for alcohol.	Thu Apr 26 23:24:31 +0000 2018
128	@BBCBreaking	29	-0.5423	0.269	0.617	0.115	RT @BBCBreaking: US comedian Bill Cosby, 80, found guilty of sexually assaulting a woman 14 years ago https://t.co/LxSyOf5K04	Thu Apr 26 23:23:17 +0000 2018
129	@BBCBreaking	30	0.0	0.0	1.0	0.0	"RT @ghalebalsudmy: @BBCBreaking @EoE_Bxl @cnni @UNarabic @UNHumanRights @nytimesworld @WashTimes #saudi money buying world
#BloodOnYourHand‚Ä¶"	Thu Apr 26 23:23:13 +0000 2018
130	@BBCBreaking	31	0.0	0.0	1.0	0.0	RT @BBCBreaking: President Donald Trump is to visit the UK on Friday 13 July, White House says https://t.co/WXxJTIYAgH	Thu Apr 26 23:22:59 +0000 2018
131	@BBCBreaking	32	-0.5859	0.242	0.758	0.0	"RT @YanCharb: No human judgement behind PayPal's system on restricting accounts.

@PayPal @AskPayPal @PayPalInfoSec @PayPalNews @PayPalCA @‚Ä¶"	Thu Apr 26 23:22:26 +0000 2018
132	@BBCBreaking	33	-0.296	0.136	0.864	0.0	"RT @YanCharb: PayPal terminates permanently long-standing accounts on simple doubts

@PayPal @AskPayPal @PayPalInfoSec @PayPalNews @PayPalC‚Ä¶"	Thu Apr 26 23:22:18 +0000 2018
133	@BBCBreaking	34	0.0	0.0	1.0	0.0	@BBCBreaking https://t.co/mxYy7icMlC	Thu Apr 26 23:22:18 +0000 2018
134	@BBCBreaking	35	0.0	0.0	1.0	0.0	"RT @YanCharb: PayPal doesn't let users appeal restrictions even if they say so.

@PayPal @AskPayPal @PayPalInfoSec @PayPalNews @PayPalCA @e‚Ä¶"	Thu Apr 26 23:22:15 +0000 2018
135	@BBCBreaking	36	-0.3164	0.133	0.867	0.0	RT @Helenhs: Hey London. Time to mount a major protest! @BBCBreaking #Trump #Brexit #FBPE #Remain #TrumpCrimeFamily https://t.co/RIrUfwWu21	Thu Apr 26 23:21:50 +0000 2018
136	@BBCBreaking	37	0.0	0.0	1.0	0.0	@BBCBreaking Can he fix TSBs website?	Thu Apr 26 23:20:08 +0000 2018
137	@BBCBreaking	38	0.0	0.0	1.0	0.0	https://t.co/oRWY5QywMx¬†@eBay @youtube @Facebook @cnn @BBCBreaking @google @BBCWorld @twitter @cnnbrk @nytimes‚Ä¶ https://t.co/vPxq0Kb81C	Thu Apr 26 23:20:04 +0000 2018
138	@BBCBreaking	39	0.0	0.0	1.0	0.0	@BBCBreaking https://t.co/RgfQxzJAUO	Thu Apr 26 23:20:00 +0000 2018
139	@BBCBreaking	40	0.3818	0.0	0.894	0.106	"RT @SEzekwesili: Dear Hon Min @iujibril and @GovWike, look what I‚Äôm inhaling this morning. 

This is in Alcon Woji, Port Harcourt

Whose jo‚Ä¶"	Thu Apr 26 23:19:02 +0000 2018
140	@BBCBreaking	41	0.0	0.0	1.0	0.0	"RT @BBCBreaking: It's a boy! Duchess of Cambridge gives birth to her third child, who is fifth in line to throne #royalbaby

https://t.co/J‚Ä¶"	Thu Apr 26 23:18:04 +0000 2018
141	@BBCBreaking	42	0.0	0.0	1.0	0.0	RT @BBCBreaking: President Donald Trump is to visit the UK on Friday 13 July, White House says https://t.co/WXxJTIYAgH	Thu Apr 26 23:17:48 +0000 2018
142	@BBCBreaking	43	-0.25	0.087	0.913	0.0	RT @mikey_rains: Hey @BBCBreaking after #BBCQT I‚Äôm out of patience. How do you answer this charge you bunch of propaganda merchants? https:‚Ä¶	Thu Apr 26 23:16:13 +0000 2018
143	@BBCBreaking	44	0.0	0.0	1.0	0.0	RT @BBCBreaking: President Donald Trump is to visit the UK on Friday 13 July, White House says https://t.co/WXxJTIYAgH	Thu Apr 26 23:16:01 +0000 2018
144	@BBCBreaking	45	-0.8948	0.606	0.394	0.0	@mikey_rains @melaniekmelvin @BBCBreaking Racial hatred offences?  Wtf u talking bout Willis?	Thu Apr 26 23:15:52 +0000 2018
145	@BBCBreaking	46	0.0	0.0	1.0	0.0	"RT @UmakantSingh94: ‡§∏‡§Ç‡§§‡§∞‡§æ‡§Æ‡§™‡§æ‡§≤‡§ú‡•Ä ‡§Æ‡§π‡§æ‡§∞‡§æ‡§ú ‡§™‡§∞ ‡§ù‡•Ç‡§†‡•Ä ‡§ñ‡§¨‡§∞ ‡§ï‡•à‡§∏‡•á ‡§õ‡§æ‡§™ ‡§¶‡•Ä ‡§ù‡•Ç‡§†‡•Ä ‡§Æ‡•Ä‡§°‡§ø‡§Ø‡§æ
‡§Ü‡§™‡§ï‡•ã ‡§∏‡•Ç‡§¨‡•Ç‡§§ ‡§¶‡•á‡§®‡§æ ‡§™‡§°‡§º‡•á‡§ó‡§æ‡•§ 
‡§Æ‡•Ä‡§°‡§ø‡§Ø‡§æ ‡§µ‡§æ‡§≤‡•ã‡§á‡§∏‡§∏‡•á ‡§™‡§π‡§≤‡•á ‡§ï‡§ø ‡§ú‡§®‡§§‡§æ ‡§§‡•Å‡§Æ‡§ï‡•ã ‡§∏‡•Å‡§ß‡§æ‚Ä¶"	Thu Apr 26 23:15:47 +0000 2018
146	@BBCBreaking	47	0.0	0.0	1.0	0.0	RT @BBCBreaking: President Donald Trump is to visit the UK on Friday 13 July, White House says https://t.co/WXxJTIYAgH	Thu Apr 26 23:15:09 +0000 2018
147	@BBCBreaking	48	0.0	0.0	1.0	0.0	https://t.co/4J0bxa5Gqj¬†@eBay @youtube @Facebook @cnn @BBCBreaking @google @BBCWorld @twitter @cnnbrk @nytimes‚Ä¶ https://t.co/pMyRISG7XR	Thu Apr 26 23:15:05 +0000 2018
148	@BBCBreaking	49	-0.2263	0.147	0.853	0.0	@TepidBanter @poteidia @BBCBreaking I guess we‚Äôll see how big the protests will be.	Thu Apr 26 23:14:46 +0000 2018
149	@BBCBreaking	50	0.0	0.0	1.0	0.0	@BBCBreaking Bill Cosby Power Gone.	Thu Apr 26 23:14:31 +0000 2018
150	@BBCBreaking	51	-0.5423	0.269	0.617	0.115	RT @BBCBreaking: US comedian Bill Cosby, 80, found guilty of sexually assaulting a woman 14 years ago https://t.co/LxSyOf5K04	Thu Apr 26 23:14:28 +0000 2018
151	@BBCBreaking	52	0.6369	0.0	0.819	0.181	RT @BBCBreaking: Prince William to be Prince Harry's best man at his wedding to Meghan Markle, Kensington Palace says https://t.co/cQxX2gIu‚Ä¶	Thu Apr 26 23:14:16 +0000 2018
152	@BBCBreaking	53	-0.5423	0.269	0.617	0.115	RT @BBCBreaking: US comedian Bill Cosby, 80, found guilty of sexually assaulting a woman 14 years ago https://t.co/LxSyOf5K04	Thu Apr 26 23:13:45 +0000 2018
153	@BBCBreaking	54	0.3818	0.0	0.894	0.106	"RT @SEzekwesili: Dear Hon Min @iujibril and @GovWike, look what I‚Äôm inhaling this morning. 

This is in Alcon Woji, Port Harcourt

Whose jo‚Ä¶"	Thu Apr 26 23:13:28 +0000 2018
154	@BBCBreaking	55	0.0	0.0	1.0	0.0	RT @mahendra1395htt: @Dilip8887 @Das_Shyam1 @Zee_Hindustan @sumairakh @airnewsalerts @ZeeNewsHindi @Abhishek_sps7 @BBCBreaking @XHNews @DDN‚Ä¶	Thu Apr 26 23:13:15 +0000 2018
155	@BBCBreaking	56	-0.5423	0.269	0.617	0.115	RT @BBCBreaking: US comedian Bill Cosby, 80, found guilty of sexually assaulting a woman 14 years ago https://t.co/LxSyOf5K04	Thu Apr 26 23:13:10 +0000 2018
156	@BBCBreaking	57	-0.5423	0.269	0.617	0.115	RT @BBCBreaking: US comedian Bill Cosby, 80, found guilty of sexually assaulting a woman 14 years ago https://t.co/LxSyOf5K04	Thu Apr 26 23:12:53 +0000 2018
157	@BBCBreaking	58	0.0	0.0	1.0	0.0	RT @BBCBreaking: President Donald Trump is to visit the UK on Friday 13 July, White House says https://t.co/WXxJTIYAgH	Thu Apr 26 23:12:39 +0000 2018
158	@BBCBreaking	59	-0.34	0.255	0.745	0.0	Fire at Vista Centre, Hounslow @BBCLondonNews @BBCBreaking https://t.co/srlqqxaXWk	Thu Apr 26 23:12:14 +0000 2018
159	@BBCBreaking	60	0.2003	0.113	0.742	0.145	RT @AndrewOnSeeAIR: @BBCBreaking WE WILL BE LEADING THE YUGEST PROTEST IN MODERN HISTORY! ARE YOU READY TO MARCH, PEOPLE? #TrumpNotWelcome‚Ä¶	Thu Apr 26 23:11:23 +0000 2018
160	@BBCBreaking	61	-0.5423	0.269	0.617	0.115	RT @BBCBreaking: US comedian Bill Cosby, 80, found guilty of sexually assaulting a woman 14 years ago https://t.co/LxSyOf5K04	Thu Apr 26 23:10:27 +0000 2018
161	@BBCBreaking	62	0.0	0.0	1.0	0.0	https://t.co/MXuDev280d¬†@eBay @youtube @Facebook @cnn @BBCBreaking @google @BBCWorld @twitter @cnnbrk @nytimes‚Ä¶ https://t.co/U5mDqRDavB	Thu Apr 26 23:10:09 +0000 2018
162	@BBCBreaking	63	0.3818	0.0	0.894	0.106	"RT @SEzekwesili: Dear Hon Min @iujibril and @GovWike, look what I‚Äôm inhaling this morning. 

This is in Alcon Woji, Port Harcourt

Whose jo‚Ä¶"	Thu Apr 26 23:09:58 +0000 2018
163	@BBCBreaking	64	-0.25	0.087	0.913	0.0	RT @mikey_rains: Hey @BBCBreaking after #BBCQT I‚Äôm out of patience. How do you answer this charge you bunch of propaganda merchants? https:‚Ä¶	Thu Apr 26 23:09:40 +0000 2018
164	@BBCBreaking	65	0.0	0.0	1.0	0.0	@AlexChambers666 @BBCBreaking I'll check it's still in the Garage.	Thu Apr 26 23:09:31 +0000 2018
165	@BBCBreaking	66	-0.3818	0.12	0.88	0.0	RT @BBCBreaking: Ex-CIA chief Mike Pompeo is confirmed as secretary of state after bruising battle in the US Senate https://t.co/B69iSF0emL	Thu Apr 26 23:09:26 +0000 2018
166	@BBCBreaking	67	-0.3164	0.133	0.867	0.0	RT @Helenhs: Hey London. Time to mount a major protest! @BBCBreaking #Trump #Brexit #FBPE #Remain #TrumpCrimeFamily https://t.co/RIrUfwWu21	Thu Apr 26 23:08:29 +0000 2018
167	@BBCBreaking	68	0.0	0.0	1.0	0.0	RT @HSolracG: @UNHumanRights @hrw @UN @OAS_official @ReutersWorld @Reuters @BBCBreaking @BBCWorld #SOSNicaragua https://t.co/ZZX3EGvTO9	Thu Apr 26 23:06:03 +0000 2018
168	@BBCBreaking	69	0.0	0.0	1.0	0.0	RT @ghalebalsudmy: @BBCBreaking @EoE_Bxl @cnni @UNarabic @UNHumanRights @nytimesworld @WashTimes @UNICEF_Yemen @LockheedMartin @BoeingDefen‚Ä¶	Thu Apr 26 23:05:25 +0000 2018
169	@BBCBreaking	70	0.0	0.0	1.0	0.0	RT @ghalebalsudmy: @BBCBreaking @EoE_Bxl @cnni @UNarabic @UNHumanRights @nytimesworld @WashTimes @UNICEF_Yemen #BloodOnYourHands #StopArmin‚Ä¶	Thu Apr 26 23:05:10 +0000 2018
170	@BBCBreaking	71	0.0	0.0	1.0	0.0	https://t.co/3rPnx5vx5I¬†@eBay @youtube @Facebook @cnn @BBCBreaking @google @BBCWorld @twitter @cnnbrk @nytimes‚Ä¶ https://t.co/0SAH5pwjpk	Thu Apr 26 23:05:09 +0000 2018
171	@BBCBreaking	72	0.4019	0.0	0.816	0.184	RT @ghalebalsudmy: @BBCBreaking @EoE_Bxl @cnni @UNarabic @UNHumanRights @nytimesworld @WashTimes @UNICEF_Yemen #foreverychild, clean water‚Ä¶	Thu Apr 26 23:04:59 +0000 2018
172	@BBCBreaking	73	0.0	0.0	1.0	0.0	@UNHumanRights @hrw @UN @OAS_official @ReutersWorld @Reuters @BBCBreaking @BBCWorld #SOSNicaragua https://t.co/ZZX3EGvTO9	Thu Apr 26 23:04:40 +0000 2018
173	@BBCBreaking	74	0.0	0.0	1.0	0.0	RT @trace2_trace2_: @rauljulialevy @NicolasMaduro @BBC @BBCWorld @BBCBreaking @BBCNews @DailyMirror @SkyUK @PeterEgan6 @WorldAnimalNews @An‚Ä¶	Thu Apr 26 23:04:30 +0000 2018
174	@BBCBreaking	75	0.0	0.0	1.0	0.0	"RT @ghalebalsudmy: @BBCBreaking @EoE_Bxl @cnni @UNarabic @UNHumanRights @nytimesworld @WashTimes #saudi money buying world
#BloodOnYourHand‚Ä¶"	Thu Apr 26 23:04:29 +0000 2018
175	@BBCBreaking	76	0.0258	0.152	0.69	0.159	@BBCBreaking Please don't go.  You will just embarrass us.  Send your wife.	Thu Apr 26 23:04:28 +0000 2018
176	@BBCBreaking	77	-0.6597	0.216	0.784	0.0	RT @ghalebalsudmy: @BBCBreaking @EoE_Bxl @cnni @UNarabic @UNHumanRights @nytimesworld @WashTimes #saudi jets killing children &amp; women in #y‚Ä¶	Thu Apr 26 23:04:23 +0000 2018
177	@BBCBreaking	78	-0.5423	0.269	0.617	0.115	RT @BBCBreaking: US comedian Bill Cosby, 80, found guilty of sexually assaulting a woman 14 years ago https://t.co/LxSyOf5K04	Thu Apr 26 23:03:40 +0000 2018
178	@BBCBreaking	79	0.0	0.0	1.0	0.0	RT @Dirty45Toons: #DemandAVote #DemandAVote #DemandAVote #DemandAVote #DemandAVote #DemandAVote #DemandAVote #DemandAVote #DemandAVote #Dem‚Ä¶	Thu Apr 26 23:03:21 +0000 2018
179	@BBCBreaking	80	0.8271	0.0	0.394	0.606	@BBCBreaking Congratulations on your lovely news üíôüíñ	Thu Apr 26 23:02:35 +0000 2018
180	@BBCBreaking	81	0.0	0.0	1.0	0.0	@BBCBreaking Propitious date for a visit from The Dark Side	Thu Apr 26 23:02:02 +0000 2018
181	@BBCBreaking	82	0.0	0.0	1.0	0.0	@SEzekwesili @iujibril @GovWike @BBCAfrica @BBCBreaking @AJStream @CNNAfrica @IshaSesayCNN @FemiOke @camanpour It‚Äôs‚Ä¶ https://t.co/mmyfD2LEr0	Thu Apr 26 23:00:49 +0000 2018
182	@BBCBreaking	83	0.0	0.0	1.0	0.0	https://t.co/V5ge9WXZSa¬†@eBay @youtube @Facebook @cnn @BBCBreaking @google @BBCWorld @twitter @cnnbrk @nytimes‚Ä¶ https://t.co/gLXq4Bqvlh	Thu Apr 26 23:00:17 +0000 2018
183	@BBCBreaking	84	-0.3595	0.238	0.762	0.0	@Swink249 @BBCBreaking @BBCNews Stop reading 'news' about the royles!	Thu Apr 26 22:59:55 +0000 2018
184	@BBCBreaking	85	0.5859	0.0	0.798	0.202	RT @s8n: @BBCBreaking Friday the 13th really is a cursed day wow haven‚Äôt we gone through enough	Thu Apr 26 22:59:39 +0000 2018
185	@BBCBreaking	86	0.0	0.0	1.0	0.0	RT @BBCBreaking: President Donald Trump is to visit the UK on Friday 13 July, White House says https://t.co/WXxJTIYAgH	Thu Apr 26 22:59:37 +0000 2018
186	@BBCBreaking	87	-0.5423	0.269	0.617	0.115	RT @BBCBreaking: US comedian Bill Cosby, 80, found guilty of sexually assaulting a woman 14 years ago https://t.co/LxSyOf5K04	Thu Apr 26 22:59:21 +0000 2018
187	@BBCBreaking	88	0.6588	0.0	0.406	0.594	@BBCBreaking Great news Ruth!	Thu Apr 26 22:59:04 +0000 2018
188	@BBCBreaking	89	-0.25	0.087	0.913	0.0	RT @mikey_rains: Hey @BBCBreaking after #BBCQT I‚Äôm out of patience. How do you answer this charge you bunch of propaganda merchants? https:‚Ä¶	Thu Apr 26 22:59:01 +0000 2018
189	@BBCBreaking	90	0.0	0.0	1.0	0.0	RT @BBCBreaking: President Donald Trump is to visit the UK on Friday 13 July, White House says https://t.co/WXxJTIYAgH	Thu Apr 26 22:58:50 +0000 2018
190	@BBCBreaking	91	0.5859	0.0	0.798	0.202	RT @s8n: @BBCBreaking Friday the 13th really is a cursed day wow haven‚Äôt we gone through enough	Thu Apr 26 22:58:45 +0000 2018
191	@BBCBreaking	92	0.0	0.0	1.0	0.0	@codenamemarcus @SEzekwesili @iujibril @GovWike @BBCAfrica @BBCBreaking @AJStream @CNNAfrica @IshaSesayCNN @FemiOke‚Ä¶ https://t.co/W5RIE22rht	Thu Apr 26 22:58:43 +0000 2018
192	@BBCBreaking	93	-0.5423	0.269	0.617	0.115	RT @BBCBreaking: US comedian Bill Cosby, 80, found guilty of sexually assaulting a woman 14 years ago https://t.co/LxSyOf5K04	Thu Apr 26 22:58:10 +0000 2018
193	@BBCBreaking	94	0.5859	0.0	0.798	0.202	RT @s8n: @BBCBreaking Friday the 13th really is a cursed day wow haven‚Äôt we gone through enough	Thu Apr 26 22:58:01 +0000 2018
194	@BBCBreaking	95	0.0	0.0	1.0	0.0	RT @LilianaCavazos: Chulaaada. Mis amigos de @BBCBreaking traen la nota del asalto frustrado en una carnicer√≠a de #Monterrey la ciudad m√°s‚Ä¶	Thu Apr 26 22:57:59 +0000 2018
195	@BBCBreaking	96	-0.25	0.087	0.913	0.0	RT @mikey_rains: Hey @BBCBreaking after #BBCQT I‚Äôm out of patience. How do you answer this charge you bunch of propaganda merchants? https:‚Ä¶	Thu Apr 26 22:56:57 +0000 2018
196	@BBCBreaking	97	-0.3885	0.134	0.866	0.0	@BBCBreaking MONSTER TRUMP WILL ARRIVE ON FRI 13TH JULY TO THE BIGGEST PROTESTS U.K HAVE EVER SEEN https://t.co/f8Lxs1UbSI	Thu Apr 26 22:56:47 +0000 2018
197	@BBCBreaking	98	0.6369	0.0	0.819	0.181	RT @BBCBreaking: Prince William to be Prince Harry's best man at his wedding to Meghan Markle, Kensington Palace says https://t.co/cQxX2gIu‚Ä¶	Thu Apr 26 22:56:27 +0000 2018
198	@BBCBreaking	99	0.0	0.0	1.0	0.0	@BBCBreaking Maybe Tom Daley is the father?	Thu Apr 26 22:55:19 +0000 2018
199	@BBCBreaking	100	0.0	0.0	1.0	0.0	https://t.co/6Ch63JvNv1¬†@eBay @youtube @Facebook @cnn @BBCBreaking @google @BBCWorld @twitter @cnnbrk @nytimes‚Ä¶ https://t.co/FGVOsRFwJE	Thu Apr 26 22:55:04 +0000 2018
200	@CBSNews	1	0.4019	0.169	0.531	0.3	@CBSNews Kool. Hope he enjoys his time in the big house. Ass munch @BillCosby	Thu Apr 26 23:41:34 +0000 2018
201	@CBSNews	2	-0.7096	0.237	0.763	0.0	"RT @CBSNews: Senate Ethics Committee ""severely admonished"" Sen. Bob Menendez, who faced a public corruption trial last year that ended in a‚Ä¶"	Thu Apr 26 23:41:30 +0000 2018
202	@CBSNews	3	0.0	0.0	1.0	0.0	@SteveWeichert @PlaceboEffector @n_levia @johnlegend @DBlack_Mountain @WayneEdH @AngryWHStaffer @GOP‚Ä¶ https://t.co/lmvqeFPEKr	Thu Apr 26 23:41:25 +0000 2018
203	@CBSNews	4	0.4588	0.0	0.857	0.143	I honestly identify with this: Kim Jong Un is bringing his own toilet to the Koreas summit https://t.co/iWIeL28LhS via @CBSNews	Thu Apr 26 23:41:19 +0000 2018
204	@CBSNews	5	0.0	0.0	1.0	0.0	"RT @HAKIM__kO: @lilduval The #BillCosbyStandard should be applied to our President!

@CNN @MSNBC @NBCNews @politico @nytimes @AP @CBSNews @‚Ä¶"	Thu Apr 26 23:41:12 +0000 2018
205	@CBSNews	6	-0.5267	0.134	0.866	0.0	@CBSNews By the look üëÄ of Cohen the weasel I would say all of his files will be sent for criminal investigation and‚Ä¶ https://t.co/vuXW4BWbsc	Thu Apr 26 23:41:08 +0000 2018
206	@CBSNews	7	0.0	0.0	1.0	0.0	"RT @CBSNews: Bill Cosby, once known as ""America's dad,"" convicted. The 80-year-old is facing up to 30 years behind bars for sexual assault‚Ä¶"	Thu Apr 26 23:41:06 +0000 2018
207	@CBSNews	8	0.0	0.0	1.0	0.0	"RT @CBSNews: Bill Cosby, once known as ""America's dad,"" convicted. The 80-year-old is facing up to 30 years behind bars for sexual assault‚Ä¶"	Thu Apr 26 23:41:02 +0000 2018
208	@CBSNews	9	-0.7351	0.22	0.78	0.0	@CBSNews this is all Sad,It's sad if it happened &amp; it's sad all those women came forward after he's 80 yrs old Wher‚Ä¶ https://t.co/GeiaTEd9F1	Thu Apr 26 23:41:00 +0000 2018
209	@CBSNews	10	0.0	0.0	1.0	0.0	"RT @CBSNews: .@Jerickaduncan reports on why prosecutors chose Andrea Constand's case for retrial: ""In this particular case, this was the la‚Ä¶"	Thu Apr 26 23:40:55 +0000 2018
210	@CBSNews	11	0.0	0.0	1.0	0.0	@zazzybritches @KalenaAnna @Meanmom2C @DMParnellart @borinquen1492PR @MamaRose2017 @SagArcher @laquialene69‚Ä¶ https://t.co/7g1ZJhbQhy	Thu Apr 26 23:40:53 +0000 2018
211	@CBSNews	12	-0.5719	0.239	0.761	0.0	RT @CBSNews: Man who wrestled gun from Waffle House shooter raises $150,000 for victims' families https://t.co/JMhdYbAmwX https://t.co/idV2‚Ä¶	Thu Apr 26 23:40:48 +0000 2018
212	@CBSNews	13	0.0	0.0	1.0	0.0	@CBSNews Gotta call BS.	Thu Apr 26 23:40:37 +0000 2018
213	@CBSNews	14	-0.9117	0.513	0.487	0.0	@realDonaldTrump Trump! You‚Äôre a lying con-man, a fraud, a traitor, a hypocrite, a pscyopath and the worst presiden‚Ä¶ https://t.co/w692Q31SgE	Thu Apr 26 23:40:26 +0000 2018
214	@CBSNews	15	0.0	0.0	1.0	0.0	@Vladimir_Furdic @CBSNews Been looking for what 18 mo. and have found nothing?  But not looking at Hillary's 33K er‚Ä¶ https://t.co/farXVGtBAa	Thu Apr 26 23:40:21 +0000 2018
215	@CBSNews	16	0.0	0.0	1.0	0.0	@CBSNews  https://t.co/OanDTcmobI	Thu Apr 26 23:40:15 +0000 2018
216	@CBSNews	17	0.0	0.0	1.0	0.0	"RT @CBSNews: Bill Cosby, once known as ""America's dad,"" convicted. The 80-year-old is facing up to 30 years behind bars for sexual assault‚Ä¶"	Thu Apr 26 23:40:08 +0000 2018
217	@CBSNews	18	0.5563	0.0	0.86	0.14	RT @CBSNews: Hilton the shark weighs 1,326 pounds and12.5 feet long. But what is possibly the most impressive thing about this celebrity sh‚Ä¶	Thu Apr 26 23:40:07 +0000 2018
218	@CBSNews	19	0.0	0.0	1.0	0.0	RT @Artist_If_Need: @CBSNews üòÅüòÇüòÇ https://t.co/ECg0wiOUfB	Thu Apr 26 23:39:55 +0000 2018
219	@CBSNews	20	0.0	0.0	1.0	0.0	@CBSNews üòÅüòÇüòÇ https://t.co/ECg0wiOUfB	Thu Apr 26 23:39:44 +0000 2018
220	@CBSNews	21	-0.7096	0.237	0.763	0.0	"RT @CBSNews: Senate Ethics Committee ""severely admonished"" Sen. Bob Menendez, who faced a public corruption trial last year that ended in a‚Ä¶"	Thu Apr 26 23:39:43 +0000 2018
221	@CBSNews	22	0.0	0.0	1.0	0.0	RT @CBSNews: Kim Jong Un is bringing his own toilet to the Koreas summit https://t.co/kl27kGprvn https://t.co/u1IG9ehLgp	Thu Apr 26 23:39:42 +0000 2018
222	@CBSNews	23	-0.6924	0.338	0.533	0.129	@CBSNews I hope they brought in John Kerry to deliver this horrible punishment for being a crook!	Thu Apr 26 23:39:35 +0000 2018
223	@CBSNews	24	0.0	0.0	1.0	0.0	RT @billybobsgumb02: @MamaRose2017 @NurseBotez @KalenaAnna @Meanmom2C @DMParnellart @borinquen1492PR @SagArcher @laquialene69 @rosato1030 @‚Ä¶	Thu Apr 26 23:39:34 +0000 2018
224	@CBSNews	25	0.6124	0.0	0.8	0.2	"@BretBaier ‚Äòs searching interview of #Comey on #Special Report was outstanding.

#SpecialReport on @FoxNews is real‚Ä¶ https://t.co/0QVqfnCvb6"	Thu Apr 26 23:39:31 +0000 2018
225	@CBSNews	26	0.0	0.0	1.0	0.0	"RT @CBSNews: Bill Cosby, once known as ""America's dad,"" convicted. The 80-year-old is facing up to 30 years behind bars for sexual assault‚Ä¶"	Thu Apr 26 23:39:27 +0000 2018
226	@CBSNews	27	-0.5423	0.412	0.588	0.0	@CBSEveningNews @CBSNews @JimAxelrod This is horrible	Thu Apr 26 23:39:18 +0000 2018
227	@CBSNews	28	0.0	0.0	1.0	0.0	"RT @CBSNews: Bill Cosby, once known as ""America's dad,"" convicted. The 80-year-old is facing up to 30 years behind bars for sexual assault‚Ä¶"	Thu Apr 26 23:39:07 +0000 2018
228	@CBSNews	29	0.0	0.0	1.0	0.0	@Monty4x4 @CBSNews üòâ	Thu Apr 26 23:39:03 +0000 2018
229	@CBSNews	30	-0.296	0.145	0.855	0.0	@CBSNews This lady has no idea she's reporting on the end of the world	Thu Apr 26 23:38:50 +0000 2018
230	@CBSNews	31	0.0	0.0	1.0	0.0	"RT @CBSNews: Bill Cosby, once known as ""America's dad,"" convicted. The 80-year-old is facing up to 30 years behind bars for sexual assault‚Ä¶"	Thu Apr 26 23:38:44 +0000 2018
231	@CBSNews	32	0.4215	0.141	0.621	0.238	RT @RubyRockstar333: Where the parties differ is on which group is the worst #SwampCritters &amp; the greatest ‚Äúimpediment‚Äù to change. Lobbyist‚Ä¶	Thu Apr 26 23:38:44 +0000 2018
232	@CBSNews	33	0.4926	0.0	0.738	0.262	@marcellalaluna @CBSNews I never caught that in its news cycle, thanks!	Thu Apr 26 23:38:41 +0000 2018
233	@CBSNews	34	-0.7096	0.237	0.763	0.0	"RT @CBSNews: Senate Ethics Committee ""severely admonished"" Sen. Bob Menendez, who faced a public corruption trial last year that ended in a‚Ä¶"	Thu Apr 26 23:38:39 +0000 2018
234	@CBSNews	35	0.0	0.0	1.0	0.0	RT @CBSNews: Kim Jong Un is bringing his own toilet to the Koreas summit https://t.co/kl27kGprvn https://t.co/u1IG9ehLgp	Thu Apr 26 23:38:29 +0000 2018
235	@CBSNews	36	0.6597	0.0	0.779	0.221	RT @CBSNews: Former federal judge appointed as special master in Michael Cohen case; Barbara Jones to help determine what materials seized‚Ä¶	Thu Apr 26 23:38:16 +0000 2018
236	@CBSNews	37	-0.5719	0.239	0.761	0.0	RT @CBSNews: Man who wrestled gun from Waffle House shooter raises $150,000 for victims' families https://t.co/JMhdYbAmwX https://t.co/idV2‚Ä¶	Thu Apr 26 23:38:16 +0000 2018
237	@CBSNews	38	0.0	0.0	1.0	0.0	RT @CBSNews: Kim Jong Un is bringing his own toilet to the Koreas summit https://t.co/kl27kGprvn https://t.co/u1IG9ehLgp	Thu Apr 26 23:38:14 +0000 2018
238	@CBSNews	39	-0.2732	0.08	0.92	0.0	RT @CBSNews: By 2020, China plans to give all its 1.4. billion citizens a personal score, based on how they behave. Some with low scores ar‚Ä¶	Thu Apr 26 23:38:09 +0000 2018
239	@CBSNews	40	-0.25	0.091	0.909	0.0	RT @NEAMedia: Educators stuck around after rally ended. Here with @CBSNews for a live report from the state Capitol #RedForEd @Lily_NEA @NE‚Ä¶	Thu Apr 26 23:37:52 +0000 2018
240	@CBSNews	41	-0.8885	0.334	0.605	0.061	RT @CBSNews: After 40 years, police have arrested the man they think committed at least 50 rapes and 12 murders. Tracy Smith has the latest‚Ä¶	Thu Apr 26 23:37:38 +0000 2018
241	@CBSNews	42	-0.128	0.1	0.823	0.078	RT @MattPieper: Cosby victims up top with their attorney Gloria Allred. The county district attorney on bottom with prosecutors. Each sayin‚Ä¶	Thu Apr 26 23:37:38 +0000 2018
242	@CBSNews	43	0.0	0.0	1.0	0.0	"RT @CBSNews: Bill Cosby, once known as ""America's dad,"" convicted. The 80-year-old is facing up to 30 years behind bars for sexual assault‚Ä¶"	Thu Apr 26 23:37:37 +0000 2018
243	@CBSNews	44	0.0	0.0	1.0	0.0	@KalenaAnna @Meanmom2C @DMParnellart @borinquen1492PR @MamaRose2017 @SagArcher @laquialene69 @rosato1030‚Ä¶ https://t.co/XFEZoF1Jqy	Thu Apr 26 23:37:26 +0000 2018
244	@CBSNews	45	-0.9153	0.368	0.632	0.0	RT @CBSNews: JUST IN: Bill Cosby has been found guilty on all 3 counts of aggravated indecent assault; he faces up to 30 years in prison ht‚Ä¶	Thu Apr 26 23:37:25 +0000 2018
245	@CBSNews	46	-0.2732	0.08	0.92	0.0	RT @CBSNews: By 2020, China plans to give all its 1.4. billion citizens a personal score, based on how they behave. Some with low scores ar‚Ä¶	Thu Apr 26 23:37:15 +0000 2018
246	@CBSNews	47	-0.5448	0.334	0.666	0.0	@likeapresident @CBSNews He just never looked like a good Dad to me.	Thu Apr 26 23:37:15 +0000 2018
247	@CBSNews	48	0.0	0.0	1.0	0.0	"RT @CBSNews: Bill Cosby, once known as ""America's dad,"" convicted. The 80-year-old is facing up to 30 years behind bars for sexual assault‚Ä¶"	Thu Apr 26 23:37:15 +0000 2018
248	@CBSNews	49	-0.2732	0.08	0.92	0.0	RT @CBSNews: By 2020, China plans to give all its 1.4. billion citizens a personal score, based on how they behave. Some with low scores ar‚Ä¶	Thu Apr 26 23:36:57 +0000 2018
249	@CBSNews	50	-0.5106	0.452	0.548	0.0	@CBSNews Basically life in prison.	Thu Apr 26 23:36:57 +0000 2018
250	@CBSNews	51	-0.2263	0.155	0.686	0.159	"RT @CBSNews: By reaching millions of readers, Michelle McNamara shined a brighter light on the ""Golden State Killer"" case than had ever bee‚Ä¶"	Thu Apr 26 23:36:54 +0000 2018
251	@CBSNews	52	0.0	0.0	1.0	0.0	"RT @1SnoozyQ: @jshovlin11 @ABC I'm with you! 
https://t.co/1iksjPW4L2.
MSM should be all over the movement to rewrite the US Constitution!!‚Ä¶"	Thu Apr 26 23:36:46 +0000 2018
252	@CBSNews	53	0.5994	0.0	0.738	0.262	@CBSNews @MarthaSugalski He will be blessed for all that he has done	Thu Apr 26 23:36:45 +0000 2018
253	@CBSNews	54	0.0772	0.0	0.929	0.071	@Lizerenity @CBSNews He‚Äôs an 80yr old man. Any sentence he gets will take years off of his life.	Thu Apr 26 23:36:36 +0000 2018
254	@CBSNews	55	0.3612	0.0	0.894	0.106	RT @CBSNews: 14 endangered sea turtles were released back into their natural habitat this week after getting stranded in chilly New England‚Ä¶	Thu Apr 26 23:36:25 +0000 2018
255	@CBSNews	56	0.1531	0.092	0.789	0.118	@ornvolf @CBSNews The show taught values that were completely not connected to the charges of the real life Bill Cosby.	Thu Apr 26 23:36:24 +0000 2018
256	@CBSNews	57	0.0	0.0	1.0	0.0	RT @dawnresist: @zazzybritches @62WalterP @Meanmom2C @GDThor1 @KalenaAnna @DMParnellart @borinquen1492PR @MamaRose2017 @SagArcher @laquiale‚Ä¶	Thu Apr 26 23:36:14 +0000 2018
257	@CBSNews	58	0.0	0.0	1.0	0.0	@CBSNews R.I.P Bill Cosby	Thu Apr 26 23:36:12 +0000 2018
258	@CBSNews	59	0.0	0.0	1.0	0.0	@CBSNews Who's your daddy now??	Thu Apr 26 23:36:08 +0000 2018
259	@CBSNews	60	0.0	0.0	1.0	0.0	@_spacedoutchris @jraproductions @mysugaman @GMA @CNN @MSNBC @NBCNews @politico @nytimes @AP @CBSNews @NYDailyNews‚Ä¶ https://t.co/R5mv6IB472	Thu Apr 26 23:36:05 +0000 2018
260	@CBSNews	61	-0.2732	0.08	0.92	0.0	RT @CBSNews: By 2020, China plans to give all its 1.4. billion citizens a personal score, based on how they behave. Some with low scores ar‚Ä¶	Thu Apr 26 23:36:00 +0000 2018
261	@CBSNews	62	-0.5719	0.239	0.761	0.0	RT @CBSNews: Man who wrestled gun from Waffle House shooter raises $150,000 for victims' families https://t.co/JMhdYbAmwX https://t.co/idV2‚Ä¶	Thu Apr 26 23:35:55 +0000 2018
262	@CBSNews	63	0.0	0.0	1.0	0.0	"RT @CBSNews: Bill Cosby, once known as ""America's dad,"" convicted. The 80-year-old is facing up to 30 years behind bars for sexual assault‚Ä¶"	Thu Apr 26 23:35:54 +0000 2018
263	@CBSNews	64	0.0	0.0	1.0	0.0	"RT @CBSNews: Bill Cosby, once known as ""America's dad,"" convicted. The 80-year-old is facing up to 30 years behind bars for sexual assault‚Ä¶"	Thu Apr 26 23:35:33 +0000 2018
264	@CBSNews	65	-0.1027	0.149	0.721	0.131	@DARASTOP12345 @CBSNews He‚Äôs good, he‚Äôs had enough practice with those puddin pops to prepare him for prison https://t.co/yFyZGmH7gi	Thu Apr 26 23:35:32 +0000 2018
265	@CBSNews	66	-0.9153	0.368	0.632	0.0	RT @CBSNews: JUST IN: Bill Cosby has been found guilty on all 3 counts of aggravated indecent assault; he faces up to 30 years in prison ht‚Ä¶	Thu Apr 26 23:35:03 +0000 2018
266	@CBSNews	67	0.2263	0.0	0.513	0.487	@DickyWashington @CBSNews Okay	Thu Apr 26 23:34:49 +0000 2018
267	@CBSNews	68	0.0	0.0	1.0	0.0	"RT @CBSNews: Bill Cosby, once known as ""America's dad,"" convicted. The 80-year-old is facing up to 30 years behind bars for sexual assault‚Ä¶"	Thu Apr 26 23:34:45 +0000 2018
268	@CBSNews	69	0.0	0.0	1.0	0.0	"RT @1SnoozyQ: @jshovlin11 @ABC I'm with you! 
https://t.co/1iksjPW4L2.
MSM should be all over the movement to rewrite the US Constitution!!‚Ä¶"	Thu Apr 26 23:34:38 +0000 2018
269	@CBSNews	70	0.5563	0.0	0.86	0.14	RT @CBSNews: Hilton the shark weighs 1,326 pounds and12.5 feet long. But what is possibly the most impressive thing about this celebrity sh‚Ä¶	Thu Apr 26 23:34:30 +0000 2018
270	@CBSNews	71	0.0	0.0	1.0	0.0	RT @CBSNews: MOMENTS AGO: Michael Avenatti, the lawyer for Stormy Daniels, speaks to the press https://t.co/rTX1assMjb https://t.co/vQazpFY‚Ä¶	Thu Apr 26 23:34:16 +0000 2018
271	@CBSNews	72	0.0	0.0	1.0	0.0	"@jshovlin11 @ABC I'm with you! 
https://t.co/1iksjPW4L2.
MSM should be all over the movement to rewrite the US Cons‚Ä¶ https://t.co/rNk4VmnljA"	Thu Apr 26 23:34:15 +0000 2018
272	@CBSNews	73	0.4215	0.0	0.853	0.147	RT @CBSNews: MORE:  Judge Kimba Wood appoints former SDNY Judge Barbara Jones to be special master in the matter of the search warrants exe‚Ä¶	Thu Apr 26 23:34:03 +0000 2018
273	@CBSNews	74	-0.9153	0.368	0.632	0.0	RT @CBSNews: JUST IN: Bill Cosby has been found guilty on all 3 counts of aggravated indecent assault; he faces up to 30 years in prison ht‚Ä¶	Thu Apr 26 23:34:03 +0000 2018
274	@CBSNews	75	0.0	0.0	1.0	0.0	@CBSNews He's not America's dad, spare us that garbage.  He's a felon now.	Thu Apr 26 23:33:55 +0000 2018
275	@CBSNews	76	0.0	0.0	1.0	0.0	"RT @CBSNews: Bill Cosby, once known as ""America's dad,"" convicted. The 80-year-old is facing up to 30 years behind bars for sexual assault‚Ä¶"	Thu Apr 26 23:33:55 +0000 2018
276	@CBSNews	77	0.0	0.0	1.0	0.0	@maddow @ABCPolitics @NBCPolitics @CBSNews @CNNPolitics @nprpolitics @washingtonpost @nytpolitics @latimesnational‚Ä¶ https://t.co/F4PoWqXnCB	Thu Apr 26 23:33:49 +0000 2018
277	@CBSNews	78	-0.8883	0.418	0.438	0.144	@CBSNews Crosby a talented actor / comedian will not be remembered as one but as a rapist.  So sad.	Thu Apr 26 23:33:46 +0000 2018
278	@CBSNews	79	-0.2023	0.239	0.58	0.181	@CBSNews Bill will get bounced like Peter in prison https://t.co/1wygWx9Enz	Thu Apr 26 23:33:46 +0000 2018
279	@CBSNews	80	0.6249	0.0	0.823	0.177	Yesterday was a great day for anyone wrongly incarcerated by this corrupted system. Although we as in anyone ever b‚Ä¶ https://t.co/eamecgIqzk	Thu Apr 26 23:33:36 +0000 2018
280	@CBSNews	81	0.0	0.0	1.0	0.0	@CBSNews A crook from NJ, who will get reelected. Mean while the Senate allows him to sit in judgement of others.	Thu Apr 26 23:33:31 +0000 2018
281	@CBSNews	82	0.0	0.0	1.0	0.0	@CBSNews Stuff eventually catches up with you. What goes around comes around. What goes up must eventually come down in more ways than one.	Thu Apr 26 23:33:27 +0000 2018
282	@CBSNews	83	-0.7096	0.237	0.763	0.0	"RT @CBSNews: Senate Ethics Committee ""severely admonished"" Sen. Bob Menendez, who faced a public corruption trial last year that ended in a‚Ä¶"	Thu Apr 26 23:33:26 +0000 2018
283	@CBSNews	84	0.0	0.0	1.0	0.0	"RT @CBSNews: Avicii ""could not go on any longer"" and ""wanted to find peace,"" his family says: https://t.co/CjhmmR3zch https://t.co/5MaWO61R‚Ä¶"	Thu Apr 26 23:33:24 +0000 2018
284	@CBSNews	85	-0.7162	0.46	0.54	0.0	@gildumasku @CBSNews He was a rapist. Skin color doesn't matter.	Thu Apr 26 23:33:23 +0000 2018
285	@CBSNews	86	0.0	0.0	1.0	0.0	RT @CBSNews: Kim Jong Un is bringing his own toilet to the Koreas summit https://t.co/kl27kGprvn https://t.co/u1IG9ehLgp	Thu Apr 26 23:33:23 +0000 2018
286	@CBSNews	87	0.0	0.0	1.0	0.0	"RT @CBSNews: Bill Cosby, once known as ""America's dad,"" convicted. The 80-year-old is facing up to 30 years behind bars for sexual assault‚Ä¶"	Thu Apr 26 23:33:19 +0000 2018
287	@CBSNews	88	0.0	0.0	1.0	0.0	@freshwindmin @Rex_Dreamz @HAKIM__kO @AP @CNN @MSNBC @NBCNews @politico @nytimes @CBSNews @NYDailyNews @YahooNews‚Ä¶ https://t.co/nprUPjt7zH	Thu Apr 26 23:33:18 +0000 2018
288	@CBSNews	89	0.0	0.0	1.0	0.0	@Janiece_Lea @CBSNews Cuz a dif color would have a dif outcome. Aka the pussy grabber	Thu Apr 26 23:33:14 +0000 2018
289	@CBSNews	90	0.0	0.0	1.0	0.0	"RT @CBSNews: Bill Cosby, once known as ""America's dad,"" convicted. The 80-year-old is facing up to 30 years behind bars for sexual assault‚Ä¶"	Thu Apr 26 23:33:09 +0000 2018
290	@CBSNews	91	0.4215	0.0	0.882	0.118	@gildumasku @CBSNews Why is him being black relevant?  He‚Äôs lucky he‚Äôs at the end of his life and more than likely‚Ä¶ https://t.co/B86fSaI3jf	Thu Apr 26 23:32:57 +0000 2018
291	@CBSNews	92	0.0	0.0	1.0	0.0	"RT @CBSNews: Bill Cosby, once known as ""America's dad,"" convicted. The 80-year-old is facing up to 30 years behind bars for sexual assault‚Ä¶"	Thu Apr 26 23:32:52 +0000 2018
292	@CBSNews	93	0.0	0.0	1.0	0.0	RT @jhoni_campora: @andahazi Estas son algunas de las mentiras de la dekada robada. @Pontifex_es @dw_espanol @CNNEE @AFPespanol @tvcanada @‚Ä¶	Thu Apr 26 23:32:52 +0000 2018
293	@CBSNews	94	0.0	0.0	1.0	0.0	RT @freshwindmin: @Rex_Dreamz @HAKIM__kO @AP @CNN @MSNBC @NBCNews @politico @nytimes @CBSNews @NYDailyNews @YahooNews @Reuters @wapo @nypos‚Ä¶	Thu Apr 26 23:32:50 +0000 2018
294	@CBSNews	95	0.0	0.0	1.0	0.0	@ReportGovtCrime @CBSNews  https://t.co/VVrO0K0XsP	Thu Apr 26 23:32:39 +0000 2018
295	@CBSNews	96	-0.7096	0.237	0.763	0.0	"RT @CBSNews: Senate Ethics Committee ""severely admonished"" Sen. Bob Menendez, who faced a public corruption trial last year that ended in a‚Ä¶"	Thu Apr 26 23:32:39 +0000 2018
296	@CBSNews	97	0.0	0.0	1.0	0.0	@CBSNews Can't stay down with three barrels on him! Not with three he can't! https://t.co/VGIxbex6dY	Thu Apr 26 23:32:37 +0000 2018
297	@CBSNews	98	0.0	0.0	1.0	0.0	RT @flipsbolts55: @HAKIM__kO @AP @CNN @MSNBC @NBCNews @politico @nytimes @CBSNews @NYDailyNews @YahooNews @Reuters @wapo @nypost @PBS Bill‚Ä¶	Thu Apr 26 23:32:31 +0000 2018
298	@CBSNews	99	0.4215	0.0	0.417	0.583	@CBSNews @RichHoblyn Lol	Thu Apr 26 23:32:27 +0000 2018
299	@CBSNews	100	-0.6249	0.215	0.785	0.0	"RT @calacademy: .@CBSNews Climate Watch on the coral-reef crisis @AlbrightRebecca calls ""also a food-security issue‚Äîa human-security issue""‚Ä¶"	Thu Apr 26 23:32:10 +0000 2018
300	@foxnews	1	0.5574	0.0	0.635	0.365	"@shicks_sam @johnrobertsFox @FoxNews ""Working for the EPA""
Sure, dude, sure"	Thu Apr 26 23:41:39 +0000 2018
301	@foxnews	2	-0.4767	0.171	0.829	0.0	RT @FoxNews: Search suspended for boy, 4, swept away to sea off North Carolina coast https://t.co/WRbWm4wSc1	Thu Apr 26 23:41:39 +0000 2018
302	@foxnews	3	0.0	0.0	1.0	0.0	@FoxNews @BretBaier @Comey I believe him https://t.co/7kxMGfzOeT	Thu Apr 26 23:41:38 +0000 2018
303	@foxnews	4	0.0	0.0	1.0	0.0	"RT @FoxNews: .@BretBaier: ""Did you tell President Obama that the dossier, who it was funded by?""

@Comey: ""No, not to my recollection.""

#S‚Ä¶"	Thu Apr 26 23:41:38 +0000 2018
304	@foxnews	5	0.0	0.0	1.0	0.0	@We_R_an0nym0us @FoxNews @SaraCarterDC @TuckerCarlson @seanhannity @realDonaldTrump We have a right to know!!!‚Ä¶ https://t.co/X4p6GS6ZGQ	Thu Apr 26 23:41:38 +0000 2018
305	@foxnews	6	-0.296	0.109	0.891	0.0	RT @ShannonBream: Fox's @JakeBGibson reports Strzok/Page missing texts from Dec 2016 - June 2017 have been transmitted to 5 different congr‚Ä¶	Thu Apr 26 23:41:38 +0000 2018
306	@foxnews	7	-0.6597	0.197	0.803	0.0	RT @Rightwingmadman: @FoxNews @Comey @FBI Comey lamely attempted to lay all the blame for keeping Congress in the dark at the doorstep of t‚Ä¶	Thu Apr 26 23:41:37 +0000 2018
307	@foxnews	8	0.0	0.0	1.0	0.0	RT @flave321: @FoxNews @PressSec #fakenews #fucktrump	Thu Apr 26 23:41:36 +0000 2018
308	@foxnews	9	0.0	0.0	1.0	0.0	"RT @FoxNews: .@CLewandowski_ on @Comey interview: ""This is a man who is trying to justify the leaking of classified information, whether it‚Ä¶"	Thu Apr 26 23:41:33 +0000 2018
309	@foxnews	10	0.0	0.0	1.0	0.0	@FoxNews @BretBaier @Comey Lie	Thu Apr 26 23:41:33 +0000 2018
310	@foxnews	11	0.0	0.0	1.0	0.0	RT @FoxNews: Moments ago, @PressSec Sarah Sanders released photos of just-confirmed Secretary of State Mike Pompeo meeting Kim Jong Un. htt‚Ä¶	Thu Apr 26 23:41:32 +0000 2018
311	@foxnews	12	0.0	0.0	1.0	0.0	@johnrobertsFox @SaraCarterDC @FoxNews It worked for HRC. McCabe. Comey. And many other Democrats. Why not for a Republican or 2?	Thu Apr 26 23:41:32 +0000 2018
312	@foxnews	13	-0.3875	0.18	0.82	0.0	@FoxNews Did the mom not save the kid she is walking next to?	Thu Apr 26 23:41:32 +0000 2018
313	@foxnews	14	-0.4215	0.128	0.872	0.0	@FoxNews @BretBaier @Comey I know you guys waste so much of peoples time discussing Clinton &amp; Comey when, the wheel‚Ä¶ https://t.co/beioJV6DmK	Thu Apr 26 23:41:32 +0000 2018
314	@foxnews	15	0.0	0.0	1.0	0.0	"RT @FoxNews: .@BretBaier: ""Did you tell President Obama that the dossier, who it was funded by?""

@Comey: ""No, not to my recollection.""

#S‚Ä¶"	Thu Apr 26 23:41:31 +0000 2018
315	@foxnews	16	0.0	0.0	1.0	0.0	@brendan8587 @FoxNews He he he he	Thu Apr 26 23:41:30 +0000 2018
316	@foxnews	17	-0.25	0.083	0.917	0.0	"RT @FoxNews: .@BretBaier on @Comey interview: ""The other thing that struck me about the interview is when he said...had he not been fired,‚Ä¶"	Thu Apr 26 23:41:29 +0000 2018
317	@foxnews	18	-0.4019	0.162	0.838	0.0	@MaggsfromMA @BobbyMayo07 @FoxNews @Comey @POTUS Don‚Äôt think Comey is the one with the problem here.......	Thu Apr 26 23:41:28 +0000 2018
318	@foxnews	19	0.6249	0.0	0.814	0.186	@BretBaier @ShannonBream @FoxNews @foxnewsnight Can't wait to see the TV ratings Bret. That was an awesome interview. üëè	Thu Apr 26 23:41:27 +0000 2018
319	@foxnews	20	-0.3182	0.108	0.892	0.0	@FoxNews @marcthiessen That is exactly what the victims of Dr Larry Nasser did. They never gave up after a decade.‚Ä¶ https://t.co/D9W81yKDSD	Thu Apr 26 23:41:27 +0000 2018
320	@foxnews	21	-0.2263	0.131	0.776	0.094	@uofmownssec @FoxNews Sure and the seaman who took 4 phone pictures of submarine water pump was and he was jailed for it.	Thu Apr 26 23:41:26 +0000 2018
321	@foxnews	22	0.0	0.0	1.0	0.0	@DrTadWinslow @PlimouthOutWest @Cara_TXZEAL @DianeStuffer @moneypenny_LL @Matthew____P @SemperMAGA @Torian_Girl‚Ä¶ https://t.co/MPPS0m4bMy	Thu Apr 26 23:41:26 +0000 2018
322	@foxnews	23	0.0	0.0	1.0	0.0	@FoxNews @ThunderB @BretBaier @HillaryClinton @Comey And this guy was the HEAD OF THE FBI folks.	Thu Apr 26 23:41:26 +0000 2018
323	@foxnews	24	-0.128	0.125	0.767	0.108	"RT @FoxNews: .@RandPaul: ""I sincerely am trying to end these wars. I'm trying to get them over - and I'll do what it takes."" https://t.co/7‚Ä¶"	Thu Apr 26 23:41:26 +0000 2018
324	@foxnews	25	-0.659	0.155	0.845	0.0	"RT @FoxNews: .@CLewandowski_ on Ronny Jackson: ""I think it's the very worst that Washington DC has to offer. This is a man who served his c‚Ä¶"	Thu Apr 26 23:41:24 +0000 2018
325	@foxnews	26	-0.7264	0.345	0.549	0.106	@FoxNews @CLewandowski_ @Comey Comey makes absolutely no sense.  He is a lying fool who clearly is politically moti‚Ä¶ https://t.co/n8wv4Zg00K	Thu Apr 26 23:41:24 +0000 2018
326	@foxnews	27	-0.6289	0.196	0.804	0.0	@FoxNews @BretBaier @Comey @realDonaldTrump LYING SACK OF SH‚òÜT GOMEY SAYS STILL DOESN'T KNOW 2 THIS DAY WHO FUNDED‚Ä¶ https://t.co/38QnGdZ8UT	Thu Apr 26 23:41:23 +0000 2018
327	@foxnews	28	-0.4898	0.121	0.879	0.0	@FoxNews @Comey @POTUS They all thought Clinton had the election in the bag, she lost now they are having to answer for their crimes!!!	Thu Apr 26 23:41:23 +0000 2018
328	@foxnews	29	0.0	0.0	1.0	0.0	"RT @FoxNews: .@Comey: ""New York and @FBI headquarters became aware that there may be some connection between Weiner's laptop and the Clinto‚Ä¶"	Thu Apr 26 23:41:23 +0000 2018
329	@foxnews	30	0.0	0.0	1.0	0.0	@ItsTheColeTrain @ChaVonZee16 @Viscous_cree @Matt_Fox10 @fox32news @MattFinnFNC @ShepNewsTeam @CharlesPPierce‚Ä¶ https://t.co/IkPPJNGO9a	Thu Apr 26 23:41:22 +0000 2018
330	@foxnews	31	0.3182	0.0	0.85	0.15	@DirtyDMantell @dirtydutchman1 @nbc @NBCNews @FoxNews @TheJimCornette @mattkoonmusic Not sure Dutch if you‚Äôre a Sei‚Ä¶ https://t.co/bRqv2ME6Ah	Thu Apr 26 23:41:22 +0000 2018
331	@foxnews	32	0.0	0.0	1.0	0.0	RT @FoxNews: BREAKING NEWS: Senate confirms Mike Pompeo as secretary of state in 57-42 vote https://t.co/8fRaf4pqGk	Thu Apr 26 23:41:22 +0000 2018
332	@foxnews	33	0.0	0.0	1.0	0.0	@FoxNews @CLewandowski_  https://t.co/NMo7k3vznw	Thu Apr 26 23:41:22 +0000 2018
333	@foxnews	34	-0.4767	0.171	0.829	0.0	RT @FoxNews: Search suspended for boy, 4, swept away to sea off North Carolina coast https://t.co/WRbWm4wSc1	Thu Apr 26 23:41:22 +0000 2018
334	@foxnews	35	0.7163	0.0	0.501	0.499	@WildHogs6 @FoxNews @BretBaier Man he sure did!!! Lol	Thu Apr 26 23:41:21 +0000 2018
335	@foxnews	36	0.6124	0.0	0.444	0.556	@johnrobertsFox @LunaLuvgood2017 @FoxNews God. I hope so	Thu Apr 26 23:41:20 +0000 2018
336	@foxnews	37	0.0	0.0	1.0	0.0	@realDonaldTrump @FoxNews @foxandfriends @seanhannity https://t.co/CtIfJt1I4w	Thu Apr 26 23:41:20 +0000 2018
337	@foxnews	38	0.0	0.0	1.0	0.0	@FoxNews Pure patriot	Thu Apr 26 23:41:20 +0000 2018
338	@foxnews	39	0.6588	0.0	0.646	0.354	@JohnJMcfarland1 @FoxNews @foxandfriends @POTUS @FLOTUS That is awesome!   üòÇüòÇ	Thu Apr 26 23:41:20 +0000 2018
339	@foxnews	40	0.0	0.0	1.0	0.0	"RT @FoxNews: .@Comey: ""New York and @FBI headquarters became aware that there may be some connection between Weiner's laptop and the Clinto‚Ä¶"	Thu Apr 26 23:41:20 +0000 2018
340	@foxnews	41	0.0	0.0	1.0	0.0	RT @Mandy_Bar: @FoxNews @PressSec  https://t.co/8FSrUEsM5O	Thu Apr 26 23:41:20 +0000 2018
341	@foxnews	42	0.2577	0.0	0.887	0.113	"RT @We_R_an0nym0us: PLS tweet @FoxNews @SaraCarterDC @TuckerCarlson @seanhannity 
Tell them TO SPEAK UP. TELL EVERYTHING.
MURDERPLOT
PEDO'S‚Ä¶"	Thu Apr 26 23:41:20 +0000 2018
342	@foxnews	43	0.7027	0.0	0.675	0.325	@HeatherChilders @FtBraggNC @USArmy @FoxFriendsFirst @FoxNews WOW, were you @ Ft Bragg,  NC!?	Thu Apr 26 23:41:20 +0000 2018
343	@foxnews	44	0.0	0.0	1.0	0.0	"RT @FoxNews: .@CLewandowski_ on @Comey interview: ""This is a man who is trying to justify the leaking of classified information, whether it‚Ä¶"	Thu Apr 26 23:41:19 +0000 2018
344	@foxnews	45	-0.3818	0.156	0.742	0.102	RT @wasntbornhere: The TRUTH: basically a bunch of wig wearing you know what, are deciding Alfie Evans needs to DIE because flying him to a‚Ä¶	Thu Apr 26 23:41:19 +0000 2018
345	@foxnews	46	0.4588	0.0	0.789	0.211	Why yes @FoxNews, I do want to know Karl Rove's thoughts on Kanye West's texts with John Legend.	Thu Apr 26 23:41:18 +0000 2018
346	@foxnews	47	0.0	0.0	1.0	0.0	@edhenry @BretBaier @Comey @FoxNews How convenient	Thu Apr 26 23:41:18 +0000 2018
347	@foxnews	48	0.0	0.0	1.0	0.0	RT @FoxNews: JUST IN: Recovered Strzok-Page text messages have been delivered to congressional committees. https://t.co/9AToXE0MLW	Thu Apr 26 23:41:18 +0000 2018
348	@foxnews	49	0.2023	0.0	0.893	0.107	"@FoxNews @BretBaier @Comey ""No,not to my recollection"" translation: I'm just playing my libtard selective memory games"	Thu Apr 26 23:41:18 +0000 2018
349	@foxnews	50	0.0	0.0	1.0	0.0	@FoxNews #LulaPreso	Thu Apr 26 23:41:17 +0000 2018
350	@foxnews	51	0.7088	0.0	0.743	0.257	RT @MrEdTrain: 'I don't know' let's get this trending #IDontKnow ! Thanks @BretBaier that definitely helped getting the #ComeyClown closer‚Ä¶	Thu Apr 26 23:41:16 +0000 2018
351	@foxnews	52	0.7499	0.0	0.687	0.313	@FoxNews These kids should be proud of themselves! Do not let liberal hate take you down	Thu Apr 26 23:41:16 +0000 2018
352	@foxnews	53	-0.25	0.083	0.917	0.0	"RT @FoxNews: .@BretBaier on @Comey interview: ""The other thing that struck me about the interview is when he said...had he not been fired,‚Ä¶"	Thu Apr 26 23:41:15 +0000 2018
353	@foxnews	54	0.0	0.0	1.0	0.0	"RT @FoxNews: .@Comey: ""New York and @FBI headquarters became aware that there may be some connection between Weiner's laptop and the Clinto‚Ä¶"	Thu Apr 26 23:41:14 +0000 2018
354	@foxnews	55	0.0	0.0	1.0	0.0	@RepTedDeutch @realDonaldTrump @FoxNews McConnell won‚Äôt bring it to the floor.	Thu Apr 26 23:41:13 +0000 2018
355	@foxnews	56	0.0	0.0	1.0	0.0	"RT @CathyHolladay1: @intheMatrixxx @POTUS #ReleaseTheTexts 
#ReleaseTheTexts 
@congressdotgov @congress
@ChuckGrassley @grassley
@DevinNune‚Ä¶"	Thu Apr 26 23:41:13 +0000 2018
356	@foxnews	57	0.3612	0.0	0.865	0.135	RT @FoxNews: .@kanyewest let @johnlegend know he means business when he says he supports President @realDonaldTrump. https://t.co/FdfzY9EPH‚Ä¶	Thu Apr 26 23:41:13 +0000 2018
357	@foxnews	58	0.0	0.0	1.0	0.0	@FoxNews @BretBaier @Comey He said he obama about the dossier but never told Obama who funded the dossier.  Then he‚Ä¶ https://t.co/f8Yp9Dorfz	Thu Apr 26 23:41:12 +0000 2018
358	@foxnews	59	-0.4939	0.314	0.686	0.0	@FoxNews @Comey @POTUS Insulting response&amp; flat out lie	Thu Apr 26 23:41:11 +0000 2018
359	@foxnews	60	0.0	0.0	1.0	0.0	@FoxNews SHITHOLE Country?	Thu Apr 26 23:41:11 +0000 2018
360	@foxnews	61	0.6597	0.082	0.685	0.233	"RT @AngelLight2U: Bill Cosby explodes in an 
""Expletive laden rant""
Its called, Justice, Bill Cosby, Justice has finally found its way to Y‚Ä¶"	Thu Apr 26 23:41:11 +0000 2018
361	@foxnews	62	0.0	0.0	1.0	0.0	"RT @FoxNews: .@BretBaier: ""When did you learn that the DNC and @HillaryClinton had funded Christopher Steele's work?""

@Comey: ""I still don‚Ä¶"	Thu Apr 26 23:41:11 +0000 2018
362	@foxnews	63	-0.5423	0.778	0.222	0.0	@FoxNews Horrible	Thu Apr 26 23:41:11 +0000 2018
363	@foxnews	64	-0.4404	0.182	0.818	0.0	"RT @FoxNews: Arizona Congresswoman-elect @DebbieLesko on Democratic criticism: ""The bottom line is I won."" https://t.co/Wfn6B9lkyN"	Thu Apr 26 23:41:11 +0000 2018
364	@foxnews	65	0.3612	0.0	0.884	0.116	"RT @FoxNews: .@JesseBWatters on @kanyewest's pro-Trump tweets: ""When you have a cultural influencer like Kanye West wear the #MAGA hat, and‚Ä¶"	Thu Apr 26 23:41:11 +0000 2018
365	@foxnews	66	0.0	0.0	1.0	0.0	RT @FoxNews: .@NRA breaks 15-year fundraising record, according to filings https://t.co/9XnSgKLVVp https://t.co/QMlbbmaJ01	Thu Apr 26 23:41:10 +0000 2018
366	@foxnews	67	0.0	0.0	1.0	0.0	"RT @FoxNews: .@BretBaier: ""When did you learn that the DNC and @HillaryClinton had funded Christopher Steele's work?""

@Comey: ""I still don‚Ä¶"	Thu Apr 26 23:41:10 +0000 2018
367	@foxnews	68	0.0	0.0	1.0	0.0	"RT @FoxNews: .@Comey: ""Facts really do matter."" #SpecialReport https://t.co/SWRXd4UbQc"	Thu Apr 26 23:41:09 +0000 2018
368	@foxnews	69	0.2023	0.0	0.917	0.083	RT @SavingAmerica4U: üî¥LYING COMEY just claimed on @FoxNews that his memos of conversations with Trump which contained top secret info were‚Ä¶	Thu Apr 26 23:41:08 +0000 2018
369	@foxnews	70	0.4926	0.0	0.868	0.132	RT @HeatherChilders: That's a MK-19 automatic grenade launcher mounted on an HMMWV- and me behind it! Thanks for teaching me some new skill‚Ä¶	Thu Apr 26 23:41:08 +0000 2018
370	@foxnews	71	0.0	0.0	1.0	0.0	@ybsmall19 @FoxNews @Jehmu 22 of them? https://t.co/ESptBHfEPy	Thu Apr 26 23:41:07 +0000 2018
371	@foxnews	72	0.0	0.0	1.0	0.0	RT @DesignationSix: Here are some @FoxNews advertisers.Since I have them tagged here they will each get notified every time you hit Like,Re‚Ä¶	Thu Apr 26 23:41:07 +0000 2018
372	@foxnews	73	-0.25	0.083	0.917	0.0	"RT @FoxNews: .@BretBaier on @Comey interview: ""The other thing that struck me about the interview is when he said...had he not been fired,‚Ä¶"	Thu Apr 26 23:41:06 +0000 2018
373	@foxnews	74	-0.4941	0.283	0.531	0.186	@FoxNews @realDonaldTrump @DonaldJTrumpJr @BretBaier KILLED the Comey interview!  Best interview I‚Äôve ever seen!!!!‚Ä¶ https://t.co/rDkJwuWCaY	Thu Apr 26 23:41:05 +0000 2018
374	@foxnews	75	0.0	0.0	1.0	0.0	@FoxNews @BretBaier @Comey Ask him: Why did u ask Pres Trump to speak w/u privately?  Why then after that did you d‚Ä¶ https://t.co/i065pNZ3z5	Thu Apr 26 23:41:05 +0000 2018
375	@foxnews	76	-0.25	0.083	0.917	0.0	"RT @FoxNews: .@BretBaier on @Comey interview: ""The other thing that struck me about the interview is when he said...had he not been fired,‚Ä¶"	Thu Apr 26 23:41:04 +0000 2018
376	@foxnews	77	0.2235	0.0	0.841	0.159	@VegaDelight @FoxNews not 6 years later, no - that doesn't even make sense	Thu Apr 26 23:41:03 +0000 2018
377	@foxnews	78	0.4019	0.0	0.876	0.124	@FoxNews @POTUS @TheDemocrats If Kanye were smart enough to look at actual stats, he'd realize President Obama is t‚Ä¶ https://t.co/fTFclPH73D	Thu Apr 26 23:41:03 +0000 2018
378	@foxnews	79	-0.8176	0.411	0.474	0.115	@FoxNews @BretBaier @HillaryClinton @Comey Lying treasonous comey the Democratic puppet hope you end up in prison	Thu Apr 26 23:41:02 +0000 2018
379	@foxnews	80	0.0	0.0	1.0	0.0	RT @JohnJMcfarland1: @leighindy @FoxNews @foxandfriends @POTUS @FLOTUS  https://t.co/Nbc1lVGemL	Thu Apr 26 23:41:02 +0000 2018
380	@foxnews	81	0.0	0.0	1.0	0.0	"@FoxNews @PressSec #PutinsPuppet 
#IMPEACH the #DRAFTDODGER 
#IMPEACH #CADETBONESPURS
#PINOCCHIO"	Thu Apr 26 23:41:02 +0000 2018
381	@foxnews	82	0.3182	0.0	0.839	0.161	@My_2_bratz @FoxNews @BretBaier @Comey Read Comey's book and you will know the truth.	Thu Apr 26 23:41:02 +0000 2018
382	@foxnews	83	0.0	0.0	1.0	0.0	@jaysandheat13 @allamerican1818 @Blessed41584623 @molinskidan @Acosta @JoeConchaTV @FoxNews Outnumbered has 4 GOP a‚Ä¶ https://t.co/idYUvo46mn	Thu Apr 26 23:41:01 +0000 2018
383	@foxnews	84	0.0	0.0	1.0	0.0	@baatraveler @FoxNews @Comey @BretBaier then don't talk to me that way either.   Look at yourself in the mirror.  I‚Ä¶ https://t.co/A9bZZYdNoo	Thu Apr 26 23:41:00 +0000 2018
384	@foxnews	85	-0.34	0.107	0.893	0.0	"RT @FoxNews: .@Comey: ""I don't consider what I did with Mr. Richman a leak. I told him about an unclassified conversation with @POTUS."" #Sp‚Ä¶"	Thu Apr 26 23:41:00 +0000 2018
385	@foxnews	86	-0.7717	0.34	0.66	0.0	RT @DougSides: @MrEdTrain @BretBaier @FoxNews @SpecialReport As @realDonaldTrump said, a Liar ü§• and leaker üíß	Thu Apr 26 23:41:00 +0000 2018
386	@foxnews	87	0.0	0.0	1.0	0.0	"RT @FoxNews: .@Comey: ""New York and @FBI headquarters became aware that there may be some connection between Weiner's laptop and the Clinto‚Ä¶"	Thu Apr 26 23:40:59 +0000 2018
387	@foxnews	88	-0.5574	0.187	0.748	0.065	"RT @FoxNews: .@POTUS: ""Kanye looks and he sees black unemployment at the lowest it's been in the history of this country. Okay? He sees tha‚Ä¶"	Thu Apr 26 23:40:58 +0000 2018
388	@foxnews	89	0.0	0.0	1.0	0.0	RT @HPSelf: Watch #SeanHannity tonight on @FoxNews 9 pm EST 6 pm PST. Going to be big! Strzok Page new texts delivered by Congress to Hanni‚Ä¶	Thu Apr 26 23:40:57 +0000 2018
389	@foxnews	90	0.0	0.0	1.0	0.0	@FoxNews @Comey @POTUS Oops...	Thu Apr 26 23:40:56 +0000 2018
390	@foxnews	91	0.5994	0.0	0.741	0.259	RT @FoxNews: Chance the Rapper on Trump-Kanye friendship: 'Black people don't have to be democrats' https://t.co/l7DctNi7Xw	Thu Apr 26 23:40:55 +0000 2018
391	@foxnews	92	-0.4767	0.171	0.829	0.0	RT @FoxNews: Search suspended for boy, 4, swept away to sea off North Carolina coast https://t.co/WRbWm4wSc1	Thu Apr 26 23:40:54 +0000 2018
392	@foxnews	93	0.0	0.0	1.0	0.0	@ABC @moonjaein_ @xijingping @PutinRF @washingtonpost @uriminzok @nbc @DerSPIEGEL @lemondefr @CNN @MSNBC‚Ä¶ https://t.co/2XAKl4PAye	Thu Apr 26 23:40:54 +0000 2018
393	@foxnews	94	0.0	0.0	1.0	0.0	@KelticSC @Lady_Vi_2U @FoxNews I haven't read them, but I did see a report to that effect.   I was actually a bit d‚Ä¶ https://t.co/VPMW3OpyOd	Thu Apr 26 23:40:53 +0000 2018
394	@foxnews	95	0.0	0.0	1.0	0.0	RT @FoxNews: BREAKING NEWS: Senate confirms Mike Pompeo as secretary of state in 57-42 vote https://t.co/8fRaf4pqGk	Thu Apr 26 23:40:53 +0000 2018
395	@foxnews	96	-0.4767	0.171	0.829	0.0	RT @FoxNews: Search suspended for boy, 4, swept away to sea off North Carolina coast https://t.co/WRbWm4wSc1	Thu Apr 26 23:40:53 +0000 2018
396	@foxnews	97	0.0	0.0	1.0	0.0	RT @ashandgas: #FUCK12 #HENRYCOUNTY #REPOST #RETWEET #MAKEADIFFERENCE @kaaittyy @WORLDSTAR @Snapchat @FoxNews @xxxtentacion https://t.co/Oe‚Ä¶	Thu Apr 26 23:40:53 +0000 2018
397	@foxnews	98	0.2411	0.0	0.859	0.141	@FoxNews @CLewandowski_ 1) There was nothing leaked 2) they were his memos https://t.co/iP4OyYz0tk	Thu Apr 26 23:40:53 +0000 2018
398	@foxnews	99	-0.25	0.083	0.917	0.0	"RT @FoxNews: .@BretBaier on @Comey interview: ""The other thing that struck me about the interview is when he said...had he not been fired,‚Ä¶"	Thu Apr 26 23:40:52 +0000 2018
399	@foxnews	100	0.0	0.0	1.0	0.0	@FoxNews @BretBaier @Comey @realDonaldTrump Comeys all over the place.  His attorneys should of told him not to rel‚Ä¶ https://t.co/0BGEjzNMS9	Thu Apr 26 23:40:52 +0000 2018
400	@nytimes	1	0.0	0.0	1.0	0.0	@ananavarro @Hugh2D2 @Acosta @megynkelly @jorgeramosnews @maggieNYT @CNNnewsroom @JoeNBC @morningmika @nytimes‚Ä¶ https://t.co/psBmZBfUO6	Thu Apr 26 23:41:40 +0000 2018
401	@nytimes	2	0.0	0.0	1.0	0.0	RT @nytimes: Bill Cosby didn‚Äôt speak in court, until the very end, when he shouted a vulgarity at the prosecutor https://t.co/xjbZP4Mzk2	Thu Apr 26 23:41:38 +0000 2018
402	@nytimes	3	0.0	0.0	1.0	0.0	@leah_lovely_x @greeneyedbugmom @nytimes I am	Thu Apr 26 23:41:37 +0000 2018
403	@nytimes	4	0.0	0.0	1.0	0.0	RT @nytimes: A memorial in Alabama demands a reckoning with one of America's least recognized atrocities: the lynching of thousands of blac‚Ä¶	Thu Apr 26 23:41:35 +0000 2018
404	@nytimes	5	-0.4019	0.119	0.881	0.0	RT @JessicaValenti: We can't afford to keep ignoring how young men are being radicalized online. My latest, at the @nytimes https://t.co/nX‚Ä¶	Thu Apr 26 23:41:33 +0000 2018
405	@nytimes	6	0.0	0.0	1.0	0.0	RT @odetteroulette: @joeff53 @anamariecox @amychozick @nytimes Here's what I'm seeing right now. People who are supposed to be grown gather‚Ä¶	Thu Apr 26 23:41:32 +0000 2018
406	@nytimes	7	-0.4019	0.119	0.881	0.0	RT @JessicaValenti: We can't afford to keep ignoring how young men are being radicalized online. My latest, at the @nytimes https://t.co/nX‚Ä¶	Thu Apr 26 23:41:30 +0000 2018
407	@nytimes	8	0.0	0.0	1.0	0.0	RT @nytimes: Evening Briefing: Here's what you need to know at the end of the day https://t.co/2fcENYbIsb	Thu Apr 26 23:41:29 +0000 2018
408	@nytimes	9	-0.3595	0.111	0.889	0.0	RT @JoanQueralt: Esa √ë se merece una ola! Creo que es lo que dice @nytimes. O a lo mejor mi ingl√©s no chuta https://t.co/tnBGNPQMp1	Thu Apr 26 23:41:28 +0000 2018
409	@nytimes	10	-0.4019	0.119	0.881	0.0	RT @JessicaValenti: We can't afford to keep ignoring how young men are being radicalized online. My latest, at the @nytimes https://t.co/nX‚Ä¶	Thu Apr 26 23:41:28 +0000 2018
410	@nytimes	11	0.0	0.0	1.0	0.0	"RT @sercancan32151: Yasalara g√∂re h√ºcre cezasƒ± 20 g√ºnden fazla olamaz.

Su√ßu bile kanitlanmayan Bu insanlar ve daha niceleri h√ºcrede √∂l√ºme‚Ä¶"	Thu Apr 26 23:41:28 +0000 2018
411	@nytimes	12	0.0	0.0	1.0	0.0	@SteveWeichert @PlaceboEffector @n_levia @johnlegend @DBlack_Mountain @WayneEdH @AngryWHStaffer @GOP‚Ä¶ https://t.co/lmvqeFPEKr	Thu Apr 26 23:41:25 +0000 2018
412	@nytimes	13	-0.4019	0.119	0.881	0.0	RT @JessicaValenti: We can't afford to keep ignoring how young men are being radicalized online. My latest, at the @nytimes https://t.co/nX‚Ä¶	Thu Apr 26 23:41:25 +0000 2018
413	@nytimes	14	-0.2023	0.07	0.93	0.0	RT @nytimes: In the last few years, dozens of women have come forward to accuse Bill Cosby of sexual misconduct. Andrea Constand is the onl‚Ä¶	Thu Apr 26 23:41:17 +0000 2018
414	@nytimes	15	-0.765	0.239	0.761	0.0	RT @nytimes: About 2 weeks later, a jury found Bill Cosby guilty of sexual assault, capping the downfall of one of the world‚Äôs best-known e‚Ä¶	Thu Apr 26 23:41:15 +0000 2018
415	@nytimes	16	0.0	0.0	1.0	0.0	RT @nytimes: Bill Cosby‚Äôs retrial began on April 9. Here are 8 ways the second trial was different. https://t.co/hglR99dpW2	Thu Apr 26 23:41:13 +0000 2018
416	@nytimes	17	0.0	0.0	1.0	0.0	"RT @HAKIM__kO: @lilduval The #BillCosbyStandard should be applied to our President!

@CNN @MSNBC @NBCNews @politico @nytimes @AP @CBSNews @‚Ä¶"	Thu Apr 26 23:41:12 +0000 2018
417	@nytimes	18	-0.6322	0.304	0.576	0.12	"Did you catch this article? ""Do Serial Killers Just Stop? Yes, Sometimes"" via NYT https://t.co/OOIzo8p8jg @nytimes"	Thu Apr 26 23:41:10 +0000 2018
418	@nytimes	19	0.0	0.0	1.0	0.0	"RT @paressa16: Esto es lo q buscaban los traquetos @JSantrich_FARC .@IvanMarquezFARC .@AlapePastorFARC, el Paisa, tbn @IvanCepedaCast.
Ojo‚Ä¶"	Thu Apr 26 23:41:07 +0000 2018
419	@nytimes	20	-0.2023	0.07	0.93	0.0	RT @nytimes: In the last few years, dozens of women have come forward to accuse Bill Cosby of sexual misconduct. Andrea Constand is the onl‚Ä¶	Thu Apr 26 23:41:07 +0000 2018
420	@nytimes	21	-0.8519	0.482	0.518	0.0	Arrest in Golden State Killer Case Shocks Suspect‚Äôs Quiet Neighborhood   via @NYTimes https://t.co/EiDOuwVzp2	Thu Apr 26 23:41:06 +0000 2018
421	@nytimes	22	0.0	0.0	1.0	0.0	@nytimes And his lawyers went üòÆ	Thu Apr 26 23:41:06 +0000 2018
422	@nytimes	23	0.0	0.0	1.0	0.0	RT @PinzonBueno: Recordando la elecci√≥n presidencial en Estados Unidos, el prestigioso @nytimes publicaba un √≠ndice de probabilidad sobre q‚Ä¶	Thu Apr 26 23:41:05 +0000 2018
423	@nytimes	24	-0.765	0.239	0.761	0.0	RT @nytimes: About 2 weeks later, a jury found Bill Cosby guilty of sexual assault, capping the downfall of one of the world‚Äôs best-known e‚Ä¶	Thu Apr 26 23:41:03 +0000 2018
424	@nytimes	25	-0.0258	0.132	0.778	0.089	RT @Penalosa_G: Hey, today‚Äôs @NYTimes: Cars Are Ruining Our Cities. The truth is that people who drive into a crowded city are imposing cos‚Ä¶	Thu Apr 26 23:41:02 +0000 2018
425	@nytimes	26	0.0	0.0	1.0	0.0	RT @PinzonBueno: Recordando la elecci√≥n presidencial en Estados Unidos, el prestigioso @nytimes publicaba un √≠ndice de probabilidad sobre q‚Ä¶	Thu Apr 26 23:41:01 +0000 2018
426	@nytimes	27	0.0	0.0	1.0	0.0	@nytimes  https://t.co/46DGjETV9d	Thu Apr 26 23:41:00 +0000 2018
427	@nytimes	28	0.0	0.0	1.0	0.0	RT @Estadao: Freira atua como guia religiosa de time de basquete em Chicago (via @nytimes) https://t.co/IDI72iJqxJ https://t.co/dlrH23Oo8d	Thu Apr 26 23:40:55 +0000 2018
428	@nytimes	29	-0.765	0.239	0.761	0.0	RT @nytimes: About 2 weeks later, a jury found Bill Cosby guilty of sexual assault, capping the downfall of one of the world‚Äôs best-known e‚Ä¶	Thu Apr 26 23:40:49 +0000 2018
429	@nytimes	30	0.0	0.0	1.0	0.0	@paressa16 @TWITERM99417410 @JSantrich_FARC @IvanMarquezFARC @AlapePastorFARC @IvanCepedaCast @FiscaliaCol‚Ä¶ https://t.co/velUUIkHjw	Thu Apr 26 23:40:48 +0000 2018
430	@nytimes	31	0.0	0.0	1.0	0.0	RT @LiuGang8964: @chgqzh @MaskedKnighter @changzhanglao @B_I_S_hospital @bendan250 @yw780806 @AJ6hd8LijqyI9cy @aniuwj @newqiyu @light123 @L‚Ä¶	Thu Apr 26 23:40:46 +0000 2018
431	@nytimes	32	0.5423	0.18	0.301	0.519	@nytimes Please fire David Brooks. Please. Please. #FireDavidBrooks	Thu Apr 26 23:40:43 +0000 2018
432	@nytimes	33	0.0	0.0	1.0	0.0	"@klberney @nytimes Or ""chocolate cake!"""	Thu Apr 26 23:40:43 +0000 2018
433	@nytimes	34	-0.4019	0.119	0.881	0.0	RT @JessicaValenti: We can't afford to keep ignoring how young men are being radicalized online. My latest, at the @nytimes https://t.co/nX‚Ä¶	Thu Apr 26 23:40:40 +0000 2018
434	@nytimes	35	0.0	0.0	1.0	0.0	RT @BiafraRF: https://t.co/HUAfsykkIU @mfpcrules @ipobwomenusa @NigAirForce @AsoRock @NGRPresident @NGRSenate @HouseNGR    #UNSC @USAfricaC‚Ä¶	Thu Apr 26 23:40:40 +0000 2018
435	@nytimes	36	0.0	0.0	1.0	0.0	"RT @RosenthalHealth: 4 tools for vetting hospitals (from https://t.co/ZvjM1Iu7mU)

1 @nytimes Hospital Pricing Calculator - https://t.co/K0‚Ä¶"	Thu Apr 26 23:40:38 +0000 2018
436	@nytimes	37	0.0	0.0	1.0	0.0	RT @LiuGang8964: @chgqzh @MaskedKnighter @changzhanglao @B_I_S_hospital @bendan250 @yw780806 @AJ6hd8LijqyI9cy @aniuwj @newqiyu @light123 @L‚Ä¶	Thu Apr 26 23:40:37 +0000 2018
437	@nytimes	38	0.0	0.0	1.0	0.0	@ResistIdiocracy @ResistanceParty @IndivisibleTeam @politico @MoveOn @TheDemCoalition @womensmarch @MomsDemand‚Ä¶ https://t.co/vEFcppNmuJ	Thu Apr 26 23:40:37 +0000 2018
438	@nytimes	39	0.128	0.136	0.681	0.183	RT @nytimes: A man given 20 months to live is still alive 10 years later, free of cancer. But the surgically implanted chemo pump that save‚Ä¶	Thu Apr 26 23:40:36 +0000 2018
439	@nytimes	40	0.0	0.0	1.0	0.0	RT @LiuGang8964: @chgqzh @MaskedKnighter @changzhanglao @B_I_S_hospital @bendan250 @yw780806 @AJ6hd8LijqyI9cy @aniuwj @newqiyu @light123 @L‚Ä¶	Thu Apr 26 23:40:32 +0000 2018
440	@nytimes	41	0.0	0.0	1.0	0.0	RT @PinzonBueno: Recordando la elecci√≥n presidencial en Estados Unidos, el prestigioso @nytimes publicaba un √≠ndice de probabilidad sobre q‚Ä¶	Thu Apr 26 23:40:30 +0000 2018
441	@nytimes	42	0.7351	0.0	0.709	0.291	"RT @SandhyaVishwa19: Bible Genesis :God created nature in 6 days.On 6th day he created man in his own image.
How God can be formless ?
Must‚Ä¶"	Thu Apr 26 23:40:30 +0000 2018
442	@nytimes	43	-0.4404	0.172	0.828	0.0	RT @davidalexander5: White House Withdraws Jackson Nomination for V.A. Chief Amid Criticism, via @nytimes https://t.co/ZPpuvO08wU	Thu Apr 26 23:40:28 +0000 2018
443	@nytimes	44	0.0	0.0	1.0	0.0	RT @nytimes: A memorial in Alabama demands a reckoning with one of America's least recognized atrocities: the lynching of thousands of blac‚Ä¶	Thu Apr 26 23:40:27 +0000 2018
444	@nytimes	45	-0.9117	0.513	0.487	0.0	@realDonaldTrump Trump! You‚Äôre a lying con-man, a fraud, a traitor, a hypocrite, a pscyopath and the worst presiden‚Ä¶ https://t.co/w692Q31SgE	Thu Apr 26 23:40:26 +0000 2018
445	@nytimes	46	0.0	0.0	1.0	0.0	RT @LiuGang8964: @chgqzh @MaskedKnighter @changzhanglao @B_I_S_hospital @bendan250 @yw780806 @AJ6hd8LijqyI9cy @aniuwj @newqiyu @light123 @L‚Ä¶	Thu Apr 26 23:40:24 +0000 2018
446	@nytimes	47	0.0	0.0	1.0	0.0	RT @PinzonBueno: Recordando la elecci√≥n presidencial en Estados Unidos, el prestigioso @nytimes publicaba un √≠ndice de probabilidad sobre q‚Ä¶	Thu Apr 26 23:40:23 +0000 2018
447	@nytimes	48	0.0	0.0	1.0	0.0	RT @LiuGang8964: @chgqzh @MaskedKnighter @changzhanglao @B_I_S_hospital @bendan250 @yw780806 @AJ6hd8LijqyI9cy @aniuwj @newqiyu @light123 @L‚Ä¶	Thu Apr 26 23:40:17 +0000 2018
448	@nytimes	49	-0.4019	0.119	0.881	0.0	RT @JessicaValenti: We can't afford to keep ignoring how young men are being radicalized online. My latest, at the @nytimes https://t.co/nX‚Ä¶	Thu Apr 26 23:40:16 +0000 2018
449	@nytimes	50	0.0	0.0	1.0	0.0	RT @nytimes: Evening Briefing: Here's what you need to know at the end of the day https://t.co/2fcENYbIsb	Thu Apr 26 23:40:13 +0000 2018
450	@nytimes	51	0.0	0.0	1.0	0.0	RT @LiuGang8964: @chgqzh @MaskedKnighter @changzhanglao @B_I_S_hospital @bendan250 @yw780806 @AJ6hd8LijqyI9cy @aniuwj @newqiyu @light123 @L‚Ä¶	Thu Apr 26 23:40:11 +0000 2018
451	@nytimes	52	0.0	0.0	1.0	0.0	RT @nytimes: Evening Briefing: Here's what you need to know at the end of the day https://t.co/2fcENYbIsb	Thu Apr 26 23:40:08 +0000 2018
452	@nytimes	53	0.0	0.0	1.0	0.0	RT @nytimes: A memorial in Alabama demands a reckoning with one of America's least recognized atrocities: the lynching of thousands of blac‚Ä¶	Thu Apr 26 23:40:06 +0000 2018
453	@nytimes	54	0.0	0.0	1.0	0.0	https://t.co/SIo9C2GGve¬†@eBay @youtube @Facebook @cnn @BBCBreaking @google @BBCWorld @twitter @cnnbrk @nytimes‚Ä¶ https://t.co/uXJTb2DnZa	Thu Apr 26 23:40:05 +0000 2018
454	@nytimes	55	0.0	0.0	1.0	0.0	RT @nytimes: At the truce village where North and South Korean leaders will meet for a historic summit, everything from the dessert on the‚Ä¶	Thu Apr 26 23:40:04 +0000 2018
455	@nytimes	56	-0.3595	0.122	0.878	0.0	Esa √ë se merece una ola! Creo que es lo que dice @nytimes. O a lo mejor mi ingl√©s no chuta https://t.co/tnBGNPQMp1	Thu Apr 26 23:40:04 +0000 2018
456	@nytimes	57	0.0	0.0	1.0	0.0	RT @nytimes: Evening Briefing: Here's what you need to know at the end of the day https://t.co/2fcENYbIsb	Thu Apr 26 23:40:04 +0000 2018
457	@nytimes	58	0.0	0.0	1.0	0.0	RT @LiuGang8964: @chgqzh @MaskedKnighter @changzhanglao @B_I_S_hospital @bendan250 @yw780806 @AJ6hd8LijqyI9cy @aniuwj @newqiyu @light123 @L‚Ä¶	Thu Apr 26 23:40:04 +0000 2018
458	@nytimes	59	0.0	0.0	1.0	0.0	RT @PinzonBueno: Recordando la elecci√≥n presidencial en Estados Unidos, el prestigioso @nytimes publicaba un √≠ndice de probabilidad sobre q‚Ä¶	Thu Apr 26 23:40:01 +0000 2018
459	@nytimes	60	0.0	0.0	1.0	0.0	RT @nytimes: A memorial in Alabama demands a reckoning with one of America's least recognized atrocities: the lynching of thousands of blac‚Ä¶	Thu Apr 26 23:40:00 +0000 2018
460	@nytimes	61	0.0	0.0	1.0	0.0	Freira atua como guia religiosa de time de basquete em Chicago (via @nytimes) https://t.co/IDI72iJqxJ https://t.co/dlrH23Oo8d	Thu Apr 26 23:40:00 +0000 2018
461	@nytimes	62	0.1779	0.0	0.884	0.116	RT @crewislife: Via @nytimes: Letter of Recommendation: Letter of Recommendation: Escape Rooms https://t.co/x6OioZCDod https://t.co/YQJq05e‚Ä¶	Thu Apr 26 23:39:59 +0000 2018
462	@nytimes	63	0.0	0.0	1.0	0.0	@nytimes https://t.co/ir5Fnz0pdB	Thu Apr 26 23:39:53 +0000 2018
463	@nytimes	64	-0.4019	0.119	0.881	0.0	RT @JessicaValenti: We can't afford to keep ignoring how young men are being radicalized online. My latest, at the @nytimes https://t.co/nX‚Ä¶	Thu Apr 26 23:39:52 +0000 2018
464	@nytimes	65	0.0	0.0	1.0	0.0	RT @LiuGang8964: @chgqzh @MaskedKnighter @changzhanglao @B_I_S_hospital @bendan250 @yw780806 @AJ6hd8LijqyI9cy @aniuwj @newqiyu @light123 @L‚Ä¶	Thu Apr 26 23:39:51 +0000 2018
465	@nytimes	66	-0.5267	0.152	0.848	0.0	@psteinbe1 @baratunde @nytimes Ah, but the regard was based on a sham. His performances were cover / distraction for his dark side.	Thu Apr 26 23:39:50 +0000 2018
466	@nytimes	67	-0.1027	0.116	0.787	0.097	@JessicaValenti @nytimes There are also entitled white hetero males on the left and they've invaded LGBT. Ignore TR‚Ä¶ https://t.co/yKQda9jouc	Thu Apr 26 23:39:47 +0000 2018
467	@nytimes	68	-0.4019	0.119	0.881	0.0	RT @JessicaValenti: We can't afford to keep ignoring how young men are being radicalized online. My latest, at the @nytimes https://t.co/nX‚Ä¶	Thu Apr 26 23:39:43 +0000 2018
468	@nytimes	69	0.0609	0.185	0.621	0.194	It seems like @un and, especially @realDonaldTrump, have no idea how to end the Korean conflict.  Seems like signat‚Ä¶ https://t.co/KwMdeHOVAe	Thu Apr 26 23:39:42 +0000 2018
469	@nytimes	70	-0.8876	0.335	0.599	0.066	@nytimes Please rain so he can drown from having his arrogant nose up in the air. Who the hell does he think he is?‚Ä¶ https://t.co/NAazHgZEes	Thu Apr 26 23:39:37 +0000 2018
470	@nytimes	71	-0.128	0.064	0.936	0.0	RT @nytimes: Thousands of teachers in Arizona and Colorado walked out of their classrooms on Thursday to demand more funding for public sch‚Ä¶	Thu Apr 26 23:39:36 +0000 2018
471	@nytimes	72	-0.5859	0.22	0.78	0.0	RT @nytimes: Breaking News: President Trump‚Äôs V.A. nominee has been accused of overseeing a hostile workplace, overprescribing drugs and dr‚Ä¶	Thu Apr 26 23:39:35 +0000 2018
472	@nytimes	73	-0.4939	0.516	0.484	0.0	@PLW302 @nytimes Such a disgrace.	Thu Apr 26 23:39:35 +0000 2018
473	@nytimes	74	0.0	0.0	1.0	0.0	RT @nytimes: Angela Merkel arrives at the White House on Friday in the wake of a visit by Emmanuel Macron. Don‚Äôt expect a sequel to the bud‚Ä¶	Thu Apr 26 23:39:30 +0000 2018
474	@nytimes	75	-0.2732	0.095	0.905	0.0	RT @nytimes: If moviegoing is a solitary act, theatergoing is a communal one, remarked the critic Robert Brustein. Few make this more appar‚Ä¶	Thu Apr 26 23:39:30 +0000 2018
475	@nytimes	76	-0.4019	0.119	0.881	0.0	RT @JessicaValenti: We can't afford to keep ignoring how young men are being radicalized online. My latest, at the @nytimes https://t.co/nX‚Ä¶	Thu Apr 26 23:39:28 +0000 2018
476	@nytimes	77	0.0	0.0	1.0	0.0	Recordando la elecci√≥n presidencial en Estados Unidos, el prestigioso @nytimes publicaba un √≠ndice de probabilidad‚Ä¶ https://t.co/3GOh0d0RGa	Thu Apr 26 23:39:25 +0000 2018
477	@nytimes	78	0.0	0.0	1.0	0.0	RT @nytimes: Bill Cosby didn‚Äôt speak in court, until the very end, when he shouted a vulgarity at the prosecutor https://t.co/xjbZP4Mzk2	Thu Apr 26 23:39:23 +0000 2018
478	@nytimes	79	0.0	0.0	1.0	0.0	RT @BonniBK: @RVAwonk @TheRynheart @nytimes @washingtonpost @selectedwisdom @AriMelber @ericgeller @TwitterSupport @Twitter @TwitterSafety‚Ä¶	Thu Apr 26 23:39:20 +0000 2018
479	@nytimes	80	-0.7269	0.225	0.775	0.0	RT @nytimes: One NYT commenter's reaction to Bill Cosby being found guilty of sexually assaulting a woman at his home 14 years ago https://‚Ä¶	Thu Apr 26 23:39:19 +0000 2018
480	@nytimes	81	0.0	0.0	1.0	0.0	"RT @LizEClark: @joeff53 @anamariecox @amychozick @nytimes ""Listen honey, every time a bell rings, an angel gets its wings.  

And every tim‚Ä¶"	Thu Apr 26 23:39:16 +0000 2018
481	@nytimes	82	0.0	0.0	1.0	0.0	RT @LiuGang8964: @xpgui2 @LiHongKuan @chgqzh @MaskedKnighter @changzhanglao @B_I_S_hospital @bendan250 @yw780806 @AJ6hd8LijqyI9cy @aniuwj @‚Ä¶	Thu Apr 26 23:39:15 +0000 2018
482	@nytimes	83	-0.4019	0.119	0.881	0.0	RT @JessicaValenti: We can't afford to keep ignoring how young men are being radicalized online. My latest, at the @nytimes https://t.co/nX‚Ä¶	Thu Apr 26 23:39:11 +0000 2018
483	@nytimes	84	-0.128	0.097	0.903	0.0	Some photos from today's start of the Arizona teachers strike for @nytimes #red4ed #redfored https://t.co/DyrSiLScGp	Thu Apr 26 23:39:04 +0000 2018
484	@nytimes	85	-0.6486	0.212	0.788	0.0	RT @nytimes: The identity of the Golden State Killer was discovered using a genealogy database, investigators said  https://t.co/a0LkmMUiCn	Thu Apr 26 23:39:04 +0000 2018
485	@nytimes	86	-0.2023	0.07	0.93	0.0	RT @nytimes: In the last few years, dozens of women have come forward to accuse Bill Cosby of sexual misconduct. Andrea Constand is the onl‚Ä¶	Thu Apr 26 23:39:02 +0000 2018
486	@nytimes	87	0.0	0.0	1.0	0.0	@nytimes Who is this elderly man? @2chocolatebeans	Thu Apr 26 23:39:01 +0000 2018
487	@nytimes	88	0.0	0.0	1.0	0.0	RT @nytimes: Evening Briefing: Here's what you need to know at the end of the day https://t.co/2fcENYbIsb	Thu Apr 26 23:39:00 +0000 2018
488	@nytimes	89	-0.7269	0.225	0.775	0.0	RT @nytimes: Breaking News: Bill Cosby has been found guilty of sexually assaulting Andrea Constand, capping the downfall of one of the wor‚Ä¶	Thu Apr 26 23:39:00 +0000 2018
489	@nytimes	90	0.0	0.0	1.0	0.0	RT @rhorseranch_joy: If you lie about the Clintons, you will hear us roar!!! @nytimes @ChelseaClinton @SheWon @Justicefor2016	Thu Apr 26 23:38:56 +0000 2018
490	@nytimes	91	-0.4588	0.214	0.786	0.0	"@ananavarro @Hugh2D2 Here‚Äôs a few he‚Äôs attacked:
@Acosta 
@megynkelly 
@jorgeramosnews 
@maggieNYT 
@CNNnewsroom‚Ä¶ https://t.co/djzeXXJA5O"	Thu Apr 26 23:38:50 +0000 2018
491	@nytimes	92	-0.4404	0.121	0.879	0.0	RT @gsiskind: Nicholas Kristof starting this piece with a reminder that Anne Frank's family applied for and we're denied US visas is a remi‚Ä¶	Thu Apr 26 23:38:44 +0000 2018
492	@nytimes	93	0.0	0.0	1.0	0.0	RT @LiuGang8964: @chgqzh @MaskedKnighter @changzhanglao @B_I_S_hospital @bendan250 @yw780806 @AJ6hd8LijqyI9cy @aniuwj @newqiyu @light123 @L‚Ä¶	Thu Apr 26 23:38:44 +0000 2018
493	@nytimes	94	-0.2023	0.07	0.93	0.0	RT @nytimes: In the last few years, dozens of women have come forward to accuse Bill Cosby of sexual misconduct. Andrea Constand is the onl‚Ä¶	Thu Apr 26 23:38:43 +0000 2018
494	@nytimes	95	-0.8271	0.401	0.599	0.0	RT @nytimes: In December 2015, Bill Cosby was arrested and charged with sexual assault https://t.co/gBRuCuDqtt https://t.co/3JQ2jlG5IV	Thu Apr 26 23:38:43 +0000 2018
495	@nytimes	96	0.0	0.0	1.0	0.0	RT @nytimes: Evening Briefing: Here's what you need to know at the end of the day https://t.co/2fcENYbIsb	Thu Apr 26 23:38:35 +0000 2018
496	@nytimes	97	-0.765	0.239	0.761	0.0	RT @nytimes: About 2 weeks later, a jury found Bill Cosby guilty of sexual assault, capping the downfall of one of the world‚Äôs best-known e‚Ä¶	Thu Apr 26 23:38:35 +0000 2018
497	@nytimes	98	0.0	0.0	1.0	0.0	RT @LiuGang8964: @chgqzh @MaskedKnighter @changzhanglao @B_I_S_hospital @bendan250 @yw780806 @AJ6hd8LijqyI9cy @aniuwj @newqiyu @light123 @L‚Ä¶	Thu Apr 26 23:38:33 +0000 2018
498	@nytimes	99	-0.4215	0.113	0.887	0.0	@nytimes what do i need to know, place it on my paper and pass it on.. i the debonaire would mind that bait. #so lame.	Thu Apr 26 23:38:33 +0000 2018
499	@nytimes	100	0.2481	0.109	0.729	0.161	@nytimes 1. The Cosby Show was a hoax. Thankfully I never let my kids watch it. What a creep!	Thu Apr 26 23:38:28 +0000 2018
